Circonscription;Abitibi-Est;Abitibi-Ouest;Acadie;Anjou-Louis-Riel;Argenteuil  ;Arthabaska;Beauce-Nord;Beauce-Sud;Beauharnois;Bellechasse;Berthier;Bertrand;Blainville;Bonaventure;Borduas;Bourassa-Sauvé;Brome-Missisquoi;Camille-Laurin;Chambly;Champlain;Chapleau;Charlesbourg;Charlevoix-Côte-de-Beaupré;Châteauguay;Chauveau;Chicoutimi;Chomedey;Chutes-de-la-Chaudière;Côte-du-Sud;D'Arcy-McGee;Deux-Montagnes;Drummond-Bois-Francs;Dubuc;Duplessis;Fabre;Gaspé;Gatineau;Gouin;Granby;Groulx;Hochelaga-Maisonneuve;Hull;Huntingdon;Iberville;Îles-de-la-Madeleine;Jacques-Cartier;Jean-Lesage;Jeanne-Mance-Viger;Jean-Talon;Johnson;Joliette;Jonquière;La Peltrie;La Pinière;La Prairie;Labelle;Lac-Saint-Jean;LaFontaine;Laporte;L'Assomption;Laurier-Dorion;Laval-des-Rapides;Laviolette-Saint-Maurice;Les Plaines;Lévis;Lotbinière-Frontenac;Louis-Hébert;Marguerite-Bourgeoys;Marie-Victorin;Marquette;Maskinongé;Masson;Matane-Matapédia;Maurice-Richard;Mégantic;Mercier;Mille-Îles;Mirabel;Montarville;Montmorency;Mont-Royal-Outremont;Nelligan;Nicolet-Bécancour;Notre-Dame-de-Grâce;Orford ;Papineau;Pointe-aux-Trembles;Pontiac;Portneuf;Prévost;René-Lévesque;Repentigny;Richelieu;Richmond;Rimouski;Rivière-du-Loup-Témiscouata;Robert-Baldwin;Roberval;Rosemont;Rousseau;Rouyn-Noranda-Témiscamingue;Sainte-Marie-Saint-Jacques;Sainte-Rose;Saint-François;Saint-Henri-Sainte-Anne;Saint-Hyacinthe;Saint-Jean;Saint-Jérôme;Saint-Laurent;Sanguinet;Sherbrooke;Soulanges;Taillon;Taschereau;Terrebonne;Trois-Rivières;Ungava;Vachon;Vanier-Les Rivières;Vaudreuil;Verchères;Verdun;Viau;Vimont;Westmount-Saint-Louis
sexe_hommes;22450;23085;40190;30405;32640;39120;29185;32420;30180;29295;38715;32620;38960;20060;37720;39745;40170;35105;34810;36345;35205;35785;33000;34730;38520;28860;40545;38400;30965;44305;30855;33425;26540;24290;38755;17865;41290;30320;33610;33505;31375;43720;28595;32450;6155;29980;28890;37865;33955;41215;34075;27830;41190;39505;32155;31685;27115;27975;35740;29530;37685;38685;35865;28445;30390;36700;28185;39400;32815;31930;28700;32250;28645;32380;25805;35050;29860;41720;33010;36845;46890;38985;25905;35065;28060;40950;26335;38465;28150;30775;20425;32955;27720;41345;27875;31830;37535;27950;36570;29995;28960;36965;36660;38785;42175;37990;38975;38830;46545;28925;35375;39105;36205;31475;39705;33860;23230;35055;36765;41265;39790;34155;35155;29160;43715
sexe_femmes;21605;22200;42145;33205;31490;39725;28055;31175;31145;27725;37150;32110;40515;20670;38990;41705;40495;36750;35715;36905;37815;38565;32840;35865;37830;29430;43420;38795;30420;48625;32340;33475;25085;23800;40035;18095;40510;31145;35410;35430;28070;45995;27265;31690;6500;32525;30855;41510;35865;39365;37040;28495;40780;42125;33170;30905;26975;30090;38870;30770;36990;40850;36295;27900;32770;35930;30395;42835;33505;33835;28075;33560;28195;35835;24470;34840;30925;42080;35005;37895;49730;40820;25220;38205;28630;41320;27930;39885;27375;30580;20010;34820;27315;40740;29315;31870;39745;27280;40270;28460;28775;29900;38330;39830;42375;39650;40495;41380;47365;29675;37050;38955;38365;32565;40900;37015;22510;36585;40235;43275;40525;36215;35265;31140;42535
tranche_age_0-14;7805;7685;14685;10885;10070;12895;10865;10835;9500;9645;11405;8085;14775;5190;13860;15875;12720;11555;14265;10640;11575;11915;10085;13440;14800;8190;12545;14770;8405;15500;10815;10845;8650;8590;15030;4405;14285;7705;10580;11300;6620;14990;9510;12275;1415;9540;7245;15315;9160;14490;11180;8415;16625;13605;12460;7650;8750;9695;12160;11775;10700;12640;10185;11435;8795;12030;8665;12935;10615;10265;9010;12805;8050;10365;8110;8990;10965;17955;11150;13100;17075;13040;8380;11520;7615;14585;8445;15745;9440;10165;5745;12015;7400;15230;8340;9160;13285;8420;11430;11675;9835;5460;14030;12965;10805;12780;13125;12455;18430;11025;9455;14570;12365;5700;15480;9025;12785;12480;10820;15875;15225;9765;12995;10000;6875
tranche_age_15-29;7115;6915;14775;9960;8330;11585;8660;9395;9555;8090;10035;7055;14105;4925;11120;14350;10730;11880;10750;9785;12365;10555;7965;11305;11745;9575;13950;12445;7780;19200;9680;9915;7145;7790;13735;4115;11625;13300;10065;12015;13885;18515;8500;9405;1580;10300;11275;12620;17705;13035;10275;8525;13575;13225;10260;7190;7675;10365;11940;9520;17030;14255;9330;10045;9460;10090;8230;15180;11915;11235;7015;10610;7255;11650;6390;18305;10575;13790;9575;11165;23335;14545;7055;14780;6330;12935;8425;12220;7125;8360;5510;10180;7330;12350;8820;8540;14160;7450;13060;9415;9435;18770;13170;14540;19060;12345;12465;12960;16835;9450;16955;12315;12120;13330;13255;13185;10265;11885;11905;13680;12950;12135;14535;10420;29405
tranche_age_30-44;8150;7985;17315;12150;11255;13780;11200;11545;11185;10240;12565;9780;14320;6010;14640;16205;13845;16180;15525;11950;13710;14315;11040;13650;16375;10095;14380;15430;9180;18580;12035;11850;9925;8745;14900;5520;14970;20195;11720;11920;19205;20605;10255;12935;1790;9460;13495;14580;13060;15875;12595;10165;18040;17025;13320;9470;9475;10165;14715;12085;21095;16405;11600;11920;11085;12830;9240;16485;15260;13430;10195;13475;8735;14675;8335;21160;10965;19230;10990;14970;19190;13175;9015;15830;8375;15700;10370;15745;10425;11385;6555;11765;9265;15540;10075;10145;13760;8900;18715;12280;10535;19110;13775;14295;24715;14270;15100;14565;19845;12385;12890;14945;14835;14005;15910;11825;8625;14730;14605;16680;16155;18880;15570;10540;19305
tranche_age_45-59;8685;8755;15805;12300;13945;14360;10535;12340;11400;11090;15500;14310;18970;8225;15715;15480;16060;13675;14825;13760;15300;13715;13105;14295;16105;10045;16180;15955;12040;16190;13045;12865;9695;10235;18675;7405;18895;10200;12985;14160;9680;16335;11260;12290;2930;13320;9630;15925;9625;15405;12490;10330;15930;15685;14405;13120;10010;12640;14255;12285;12410;14815;13475;11925;11805;12995;11580;15880;11950;13555;11295;13715;10900;12575;9935;11215;13615;16700;14815;15300;16055;18400;9625;14410;11760;17090;11540;15900;10625;13210;8830;13565;10610;15935;10285;11965;15645;10355;13960;11495;11155;11020;17560;13465;14060;14455;15735;15065;18770;12405;11465;17200;14235;9915;17085;11600;7680;14825;14060;18515;17210;12715;13350;13555;11865
tranche_age_60-74;8900;10090;11395;11140;15120;17200;11070;13600;13450;12415;19330;18840;12620;11255;14870;12315;19505;11930;10885;18625;13925;15210;16350;12135;13040;13430;15685;14235;16230;14155;12190;14290;12195;9000;11155;10430;16960;7335;15845;13060;7320;13100;11740;12460;3595;11680;11175;11520;11860;16160;16035;12915;12520;14100;10435;18380;12740;10265;13755;10640;8985;12945;18755;8400;14300;16415;14330;13545;11630;11430;13780;10625;15565;11770;12420;7660;10080;12450;13900;15075;12215;14675;11660;11040;15670;16655;11340;13690;12715;13665;9740;13805;14040;16415;13905;16325;13960;14095;12605;10285;11800;8855;11730;15460;11355;15560;15665;16650;12720;9325;13160;14140;13760;13425;13705;15440;5005;12875;15995;13745;13710;11440;9380;10825;11410
tranche_age_75-plus;3385;3845;8355;7175;5415;9025;4905;5870;6225;5535;7025;6665;4705;5145;6505;7220;7800;6640;4270;8490;6140;8620;7295;5770;4275;6935;11240;4370;7750;9315;5415;7130;4020;3725;5290;4080;5075;2715;7835;6470;2740;6165;4600;4775;1345;8200;6910;9415;8405;5620;8550;5965;5275;7990;4430;6775;5445;4925;7800;3980;4450;8470;8810;2625;7710;8270;6555;8210;4940;5850;5480;4585;6330;7175;5080;2560;4590;3665;7600;5135;8755;5960;5395;5690;6925;5305;4140;5060;5195;4580;4050;6455;6385;6625;5755;7560;6460;6020;7065;3305;4970;3650;4730;7885;4555;8225;7390;8520;7315;4015;8485;4890;7265;7685;5180;9785;1380;4835;9605;6035;5065;5440;4575;4945;7400
age_moyen;42,2;43,5;41,1;43,4;44,9;44,9;42;43,7;44,5;44,2;45,9;48,8;40,2;48,9;42,6;40,3;45,4;42,3;39,6;46,9;42,8;44,7;46,6;41,2;40,1;45,8;45,2;40,5;48,2;41,3;42,8;44,6;43,7;42;40;49,1;42,5;38,6;45,6;43;38,9;39,7;43,1;41,6;49,1;45,5;44,5;42,1;42,6;41,7;45,5;45,2;39,3;42,7;40,5;49;44,9;42,3;43,3;40,6;38,6;42,6;47,5;38,4;46,3;45,2;46,3;42,4;41,3;42,7;45,6;40,4;47,5;43,2;45,8;37,2;41,2;37,9;44,9;42,2;39,1;42,3;45;40,8;48,8;41,9;43,4;40,3;44,5;43,7;46,2;43,3;47,3;42,2;45,4;47,1;41,8;46,4;42,4;39,8;42,9;39,9;40,3;42,8;39,2;43,9;43,3;44,3;39,5;40,4;43,4;41;42,9;46,1;40,4;46,3;32,6;41,3;45,8;40,8;40,5;41,9;38,7;42,4;40,1
age_median;42,8;45,2;40,4;43,6;48;46,4;42,4;45,2;45,6;46;50;54,8;42;54;44;40;48,4;41,6;40,4;50,8;43,6;45,6;50;42;41,2;46,8;46;41,6;52,8;39,6;44;46;45,2;43,2;41,6;54,4;45,2;36;47,6;44;35,6;38;44,4;42;54,4;47,6;42;42,4;38,8;42;46,8;46,4;39,2;42,4;42;54,8;46,8;43,6;43,6;41,2;36;41,6;51,6;38,8;48;46,8;49,6;41,6;40,4;42,8;48,4;41,2;52,4;42,4;49,2;34,4;42,4;38,4;47,2;43,2;36,4;44,4;47,2;40;54,4;43,2;44,8;41,2;46;46;50;44,8;51,2;43,2;47,2;50,8;42,4;50;41,2;39,6;43,6;35,6;42;42,4;36;44,4;44;45,2;39,2;41,2;41,2;42,4;43,2;43,6;41,6;46,8;29,8;42;46,4;42;41,6;40;37,6;44;33,6
Nombre_moyen_de_personnes_par_ménage;2,2;2,2;2,4;2,2;2,2;2,1;2,4;2,2;2,1;2,2;2,2;2;2,6;2,1;2,4;2,4;2,2;2,1;2,5;2,1;2,2;2,1;2,2;2,5;2,4;2;2,4;2,4;2,1;2,4;2,4;2,2;2,3;2,2;2,8;2,1;2,4;1,8;2,1;2,3;1,8;2;2,3;2,4;2,1;2,5;1,7;2,5;2;2,3;2,1;2,1;2,4;2,5;2,5;2;2,2;2,6;2,2;2,4;2,1;2,2;2;2,6;2;2,2;2,2;2,2;2;2,1;2,2;2,5;2;2;2,2;1,9;2,7;2,5;2,4;2,3;2,3;2,7;2,2;2,1;2,1;2,3;2,2;2,5;2,2;2,3;2,1;2,5;2,1;2,3;2,1;2,1;2,7;2,1;1,9;2,4;2,2;1,7;2,7;2,1;1,9;2,1;2,2;2,1;2,6;2,5;1,9;2,5;2,2;1,6;2,6;1,9;3,1;2,5;2;2,5;2,5;2;2,3;2,6;1,7
logements_privés_Maison_individuelle_non_attenante;11020;14415;2475;1805;22365;20720;17745;19480;14050;19200;27415;23270;19545;14860;21280;2410;23075;2495;17475;21455;12125;13490;21085;18155;20100;11965;8040;20450;20895;3580;14385;17835;15135;12130;17535;13135;28220;50;12360;13180;200;8140;18355;17885;4945;14885;2765;1930;9155;21875;16985;12815;20035;12630;14325;22610;15075;6125;10190;13240;320;8860;19670;12880;11325;23265;12785;1285;5465;6855;18600;14770;19190;1745;17810;45;12785;22105;17605;17515;3460;18655;17250;2085;18165;21230;5390;18705;19035;20130;12295;16605;16415;22685;14695;19600;14350;17185;865;18835;15435;60;15590;16680;495;15730;17085;13900;5375;13180;8820;23765;8770;1085;19190;10535;7860;15980;8760;19860;19805;1145;1265;13195;1280
logements_privés_maison_jumelée;785;480;1785;1170;660;2860;1925;2155;1610;1095;865;870;1610;745;1195;1225;1555;1380;1725;1310;4430;2045;1460;1550;2460;2140;2905;2600;1025;2115;1925;1095;1585;1230;2585;570;1250;35;2510;1080;25;4635;1025;1195;200;1250;170;825;765;1835;1135;2155;3285;3060;1590;675;1515;4360;2020;2400;145;1420;1010;1315;2060;1560;2135;1570;1080;955;1290;1445;945;730;385;45;2190;1030;1840;2305;2560;1210;780;3350;860;5420;1710;3990;1250;1095;1055;1245;1250;1865;2300;1220;860;1000;510;730;1560;20;4025;1655;200;1820;1195;1560;2000;1610;1160;1235;1955;265;1775;2775;3050;1975;2875;1540;2795;460;585;2140;1465
logements_privés_maison_rangée;390;340;420;965;260;220;250;310;425;270;315;595;660;160;835;420;280;1400;425;200;2500;940;165;460;900;805;775;460;195;780;495;585;335;715;770;180;405;270;490;1195;405;2810;255;470;105;2055;280;135;515;455;540;585;1155;1575;1355;310;355;1925;2130;710;380;495;325;350;1035;230;1120;1075;650;1575;485;870;320;405;170;685;975;290;1025;255;805;1870;275;605;435;985;2425;1930;100;350;470;275;395;830;650;400;3680;265;1275;125;405;445;1290;565;2840;675;765;650;3235;755;1165;765;1300;340;395;1295;460;475;2185;1905;535;1870;240;640;1885
logements_privés_appartement_pleinpied_ou_duplex;2045;1215;3560;3365;2030;1850;735;980;3475;890;1320;2860;1690;620;1185;5050;1705;6130;895;2940;2130;2135;2260;955;2350;3435;1175;1010;1360;4410;890;1555;2300;775;735;740;1435;4770;2260;1135;1940;2720;830;1205;160;220;3720;3375;1075;2755;2375;3740;1635;640;595;2440;2795;490;1940;1210;5740;1470;3310;2225;2145;1935;635;18450;2500;3775;1140;945;1380;5420;1425;2605;610;2630;310;2865;2060;365;795;7265;1460;1985;1585;830;1690;2845;595;435;1960;2180;1225;1315;185;1955;5050;1180;2105;1285;595;2320;6855;2525;1510;4155;2275;725;2135;780;895;2175;1715;2390;445;1065;2075;820;1160;7165;6515;315;540
logements_privés_appartement_immeuble_moins_de_cinq_étages;5115;3405;14125;16905;3110;9635;2675;5110;8555;2870;3655;3910;6180;2230;6835;21405;8335;20275;6765;8170;10965;13375;3855;6115;4985;8615;12875;5890;4355;16055;8005;7795;2765;3695;5435;2235;1910;26700;12765;11820;27880;18545;2100;4985;355;2540;24425;22330;15875;7940;10730;6680;6405;10975;7440;4175;4105;7810;13960;6365;27240;17900;10180;4565;12160;4810;5230;10990;18820;14190;3710;6560;4615;20915;2575;30730;5430;6635;6485;8865;20315;5385;3340;14315;5120;5525;12230;5030;2490;2295;2875;7500;5665;6755;7470;6355;7360;4065;27570;2670;6270;26150;4145;14000;22165;13740;13510;15525;17710;6050;20750;3860;19260;25000;7315;17505;1780;8530;20105;7935;7055;16410;20860;5945;9325
logements_privés_appartement_immeuble_plus_de_cinq_étages;225;10;11400;3900;10;10;5;310;0;15;20;10;285;10;10;2165;10;1595;5;220;540;2920;10;75;155;935;8625;650;10;11730;450;485;5;400;1140;10;30;1350;515;910;2605;5895;120;5;5;2855;2165;2560;6015;5;215;110;260;2850;425;80;70;900;3115;150;2115;4395;15;75;1165;40;3475;2385;3690;2155;5;760;35;3670;10;2585;470;85;435;410;12605;1110;0;6240;35;30;750;515;20;5;100;1100;150;5;485;50;1920;15;3870;5;65;9825;1815;325;10880;155;160;1340;5515;160;2115;45;630;8615;425;890;5;255;1030;580;10;7980;240;125;34035
logements_privés_Autre_maison_individuelle_attenante;90;85;80;50;150;85;160;210;75;100;240;170;20;75;110;150;410;260;140;255;65;70;120;65;50;125;40;50;160;35;65;125;40;20;35;110;110;465;465;40;85;55;210;230;35;50;160;55;40;165;200;85;90;15;100;150;170;15;120;105;260;65;375;25;60;140;80;15;345;120;145;70;190;240;90;240;55;140;30;80;95;35;115;45;205;130;65;55;85;95;100;50;115;160;135;270;5;200;225;75;155;85;90;130;180;250;370;225;30;55;20;80;35;540;60;135;25;75;70;100;115;35;445;30;70
logements_privés_logement_mobile;320;225;5;10;170;195;195;80;145;250;425;240;85;425;225;5;610;5;190;215;120;0;430;0;755;140;10;490;405;5;5;330;460;2025;10;140;175;5;485;0;0;20;405;505;25;0;5;5;5;415;125;15;250;5;295;295;120;5;10;190;25;15;150;195;155;355;360;5;5;45;180;40;465;5;240;10;5;185;5;270;5;130;250;15;150;105;10;45;145;170;1320;5;95;500;235;335;5;545;20;300;255;5;5;95;30;165;705;15;45;315;35;170;5;5;140;0;920;540;5;60;370;5;5;15;5
mode_occupation_propriétaires;12365;14645;13085;11525;21895;23375;18380;20115;16590;19165;25625;23260;23935;13825;24560;9635;25410;13200;21825;22985;20210;20465;22605;20320;24530;16030;18105;24340;20905;13145;18305;18795;17180;13790;22290;12485;28605;10320;17270;17895;8930;18660;17865;19065;4405;17990;8405;10950;13895;22945;18010;16435;24960;22415;19735;22220;17550;14720;17845;17560;9775;15590;21255;15400;16140;24140;19960;14035;11000;13950;19315;19645;19445;11560;17485;11870;17550;24950;23515;22785;14915;22625;17120;12535;19505;25385;13195;23745;19320;21380;13480;20780;17255;25690;17600;20685;19585;18495;12855;17980;17300;10835;21805;19400;15195;19300;20915;19060;18035;16985;13585;25320;17105;11495;22875;16045;5185;22190;18030;25455;25125;13175;8560;17660;13930
mode_occupation_locataires;7280;5375;20745;16655;6815;12205;5315;8540;11740;5540;8345;8675;6140;5210;7110;23200;10575;20325;5800;11800;12665;14550;6780;7055;7115;12160;16290;7270;7515;25580;7920;11020;5480;6040;5970;4635;4840;23355;14575;11465;24100;24070;5430;7415;1425;5865;25285;20260;19480;12470;14300;9685;8170;9290;6380;8585;6655;6905;15710;6815;26410;19035;13250;6250;13960;8210;5900;21735;21485;15700;6240;5795;7700;21560;5170;25140;4960;8145;4225;9775;26980;6135;5665;21380;6905;10015;10970;7430;5490;5595;4820;6420;8770;9325;9600;8870;8805;6670;26575;5940;8745;26955;5765;16360;28440;15785;14380;18315;18190;5855;22595;5385;15800;26545;8155;19475;6465;6690;19070;7345;6720;21895;21635;4760;34750
mode_occupation_logement_de_bande;350;145;0;0;0;0;0;0;0;0;295;0;0;90;0;0;0;0;0;0;0;0;0;0;75;0;0;0;0;0;0;0;0;1160;0;0;105;0;0;0;0;0;0;0;0;0;0;0;0;0;0;0;0;0;0;0;0;0;0;0;0;0;500;0;0;0;0;0;0;0;0;0;0;0;0;0;0;0;0;0;0;0;30;0;0;0;0;0;0;0;500;0;0;0;0;0;0;70;0;0;210;0;0;0;0;0;0;0;0;0;0;0;0;0;0;0;2900;0;0;0;0;0;0;0;0
dépense_habitation_moins_30_pourcent;17245;17940;25540;22625;24365;30965;21275;25705;23550;22000;29135;26135;26160;17075;27535;25440;30890;26715;24315;30725;27950;29905;26095;22960;27570;23835;25935;28820;25460;27700;22285;25625;20770;17580;23445;15440;29265;25580;26785;24200;25045;34130;19620;22950;5285;19450;26070;24590;26305;30640;27105;23110;30085;25400;22115;26615;21630;17955;27015;21040;27635;27525;29890;18580;25750;28510;22840;27325;25750;23650;22850;22100;23960;25645;19810;26650;19450;28710;24755;28975;29195;23830;19860;24870;22640;30400;20315;26960;22240;22835;16355;23380;22590;31130;23835;26555;23370;22055;29775;20555;23025;26075;23900;30050;33670;29590;29660;29390;28090;19885;28840;26465;27290;29535;26775;29980;9825;24930;31085;27680;28390;26575;23300;19645;25460
dépense_habitation_30_pourcent_ou_plus;2285;1860;8080;5405;4090;4055;1810;2470;4585;1955;4350;5675;3870;1675;3880;7245;4480;6670;3225;3710;4850;5030;2970;4330;3080;4220;8305;2660;2305;10780;3830;3720;1720;1540;4735;1625;3390;7840;4950;5095;7820;8415;2675;2945;525;4320;7470;6430;6785;3820;5050;2935;2985;6185;3925;3960;2360;3620;6405;3220;8260;6985;4340;3000;4295;3115;2935;8210;6595;5845;2360;3295;2785;7310;2320;9965;3005;4030;2950;3525;12050;4800;1885;8705;3550;4765;3805;3895;2280;4065;1440;3785;3225;3415;3195;2580;4925;2070;9440;3030;2610;11100;3610;5200;9725;4905;5500;7890;7875;2860;7140;3970;5520;8260;4205;5395;650;3900;5960;4995;3315;8325;6715;2700;21145
langue_maison_anglais;670;200;6840;3120;6605;235;150;210;1575;185;460;2850;3040;3510;1280;4140;9745;2065;1940;290;4420;340;245;13585;495;210;9465;340;145;31060;3460;440;300;3440;9260;1925;13005;3495;700;3505;2235;11040;7665;1230;545;31275;345;9795;795;560;280;145;905;8940;3485;1455;85;10775;9090;410;5775;3330;370;695;275;345;420;21205;1870;18705;205;1365;160;2445;1985;8760;5950;2020;2465;200;14435;26960;150;27050;6215;4220;950;24750;255;1755;95;765;240;2320;150;150;27475;70;2450;440;2800;7955;4600;4420;16470;255;1275;705;15035;2260;1480;16120;1690;825;1610;395;2685;4000;325;21300;675;10565;2875;6965;26580
langue_maison_français;39755;43360;23880;33450;51195;73900;54435;60340;54480;54180;69620;56165;61835;34650;68785;35525;61070;47775;59250;69065;52585;67030;62265;40695;70770;55410;24520;72375;58855;12710;48910;61800;49920;36250;34045;32255;56245;42260;60925;50320;42030;48660;42830;58595;11660;7995;51045;21820;54300;74905;66175;53785;74565;28160;45840;57075;52600;20090;41175;53830;32145;43860;64635;48715;57495;68580;52410;23895;47370;23600;53930;54860;54795;40620;45645;39480;33250;72030;54900;69550;33330;14910;48155;12615;44745;68850;41580;31695;52600;54645;36990;56770;51850;73295;54825;61195;10505;53345;50075;54665;50915;35610;43610;64165;35085;69910;70130;71310;23275;45755;57010;49330;53505;52975;65385;62215;13075;47940;67710;35415;72570;33820;26345;32745;14680
langue_maison_langue_non_officielle;210;35;14910;5600;315;815;275;390;325;235;1025;280;1835;50;490;10460;255;4050;1135;325;1960;905;140;2795;390;255;13725;280;160;12080;1445;530;35;2690;7740;105;700;2175;965;3375;2025;4380;315;415;0;4530;1340;11910;2480;715;490;80;450;13725;3435;150;90;5350;5365;625;11800;7265;1465;675;425;350;790;10730;3335;4410;215;875;40;4970;105;3635;3495;1175;1230;450;12370;8640;225;7580;165;400;1610;2275;140;250;940;1165;200;530;140;170;9140;95;4690;255;210;3525;5085;1465;5890;1395;585;835;15080;2045;2450;1010;3560;1215;1455;1040;16960;4055;1375;4705;590;5350;12275;3215;9615
langue_maison_autochtone;85;15;5;0;0;0;0;0;5;0;775;0;0;25;0;0;0;0;0;5;0;10;0;5;50;40;10;0;0;0;0;0;0;2590;0;0;20;0;0;0;5;25;0;0;0;5;10;0;15;0;45;5;0;0;0;0;20;0;0;0;5;0;1245;0;0;0;0;10;0;5;0;0;0;0;0;5;0;0;0;0;5;0;0;10;0;0;0;5;0;0;895;0;0;0;0;0;0;55;5;0;5;5;0;0;5;0;0;0;0;0;0;0;0;10;0;70;16895;0;25;5;0;0;0;0;0
langue_maison_non_autochtone;125;25;14910;5600;315;815;275;390;325;235;250;280;1835;20;485;10460;250;4050;1135;320;1960;895;140;2790;340;215;13720;280;160;12080;1445;530;35;95;7740;105;680;2170;965;3375;2025;4355;305;415;0;4525;1325;11905;2465;715;445;70;440;13725;3435;150;70;5350;5365;620;11790;7265;215;675;425;350;795;10715;3335;4405;215;875;40;4970;105;3630;3495;1175;1230;450;12365;8640;225;7570;165;395;1610;2265;140;250;45;1160;200;530;140;170;9135;40;4685;255;200;3525;5085;1465;5885;1395;585;835;15080;2045;2450;1010;3560;1210;1455;970;65;4055;1350;4700;590;5350;12270;3215;9615
langue_maison_francais_et_anglais;1765;820;4565;3330;4480;1525;1135;1215;3370;1010;1985;3605;5520;1680;3835;3760;6855;4020;4450;1945;7400;2375;1295;5860;2710;1220;5080;2500;730;8655;4300;1795;965;1645;6340;1225;8400;6325;2765;4985;5735;11025;3845;2500;295;8025;2495;3700;3650;2245;1810;1155;3695;6780;5330;2375;600;3665;6705;1905;5690;5055;1920;2370;1930;1660;2160;6405;4275;7270;1260;3140;805;4040;1775;9020;3710;4715;4840;2125;9125;8270;1005;8750;4140;6730;2495;11645;1420;3430;500;2595;1405;3710;1150;1015;6790;585;4975;1840;2470;8265;5315;4445;11120;1810;4380;3480;7600;3565;4540;7910;4450;3730;4015;2445;710;4995;2710;9795;3285;8495;3375;4050;9660
langue_maison_anglais_et_non_officielle;150;75;7325;1330;260;40;25;45;155;30;75;185;730;165;120;1735;255;885;330;30;1000;85;20;1355;35;50;8280;60;30;15120;535;70;15;315;4975;30;900;920;115;1125;885;3430;225;80;0;5150;100;3775;345;95;50;15;50;6520;1350;90;5;2555;2050;70;6480;2220;25;130;60;45;70;7075;1015;3730;45;240;10;1265;35;2555;1250;380;400;45;8955;8700;15;7195;155;290;265;2115;10;120;10;140;25;110;10;10;10390;10;1230;55;120;3110;2195;355;4760;100;155;160;10015;490;525;1215;745;220;315;130;11030;1265;80;4470;115;3480;2310;1505;14200
langue_maison_français_et_non_officielle;810;230;12390;11450;385;995;380;480;490;430;1605;480;3300;130;1010;18965;505;7425;1705;665;2695;2515;395;3235;1035;595;9260;835;240;3890;2350;825;95;2645;6505;95;840;3120;1655;2545;3145;4905;355;535;10;765;2345;18595;5010;1255;1180;235;1300;6715;2465;310;175;8605;4850;2240;5745;10535;2365;2190;1210;590;1730;5125;5235;2570;355;2845;110;8795;215;2580;7590;1940;1875;1390;7040;2740;320;2840;325;770;4420;1875;310;505;1435;4410;425;900;460;205;3575;255;8450;565;470;3425;7550;1785;4190;2355;1265;1705;10000;2275;3455;615;6120;2230;4745;2175;225;5480;2845;2355;1545;2960;16065;6910;2055
langue_maison_anglais_et_francais_et_non_officielle;305;125;10270;4470;570;280;180;185;410;150;340;595;2430;85;645;6245;645;3180;1250;210;2135;625;200;2530;335;180;11240;310;120;7645;1795;280;85;295;8950;85;1355;2655;565;2025;2440;4275;380;350;25;3550;660;8585;1650;340;330;85;440;8795;2650;320;60;5895;3790;880;5765;6550;285;910;345;175;550;6415;2670;3865;185;1385;90;4010;135;3390;4550;1355;1335;430;8770;8145;145;5730;435;705;1660;2745;165;510;105;1570;230;440;135;105;8415;80;3625;325;195;4290;5850;840;5645;625;765;830;11375;1450;1365;1460;2780;1020;2100;630;855;3425;820;5015;775;4300;6305;4510;7820
langue_maison_non-officielles_multiples;5;5;885;260;10;25;0;5;25;5;40;15;85;0;30;260;30;200;40;15;80;50;0;165;15;5;1225;10;0;1150;85;30;10;65;425;0;25;110;35;110;125;285;10;15;0;210;125;480;120;30;55;5;35;940;205;15;0;160;300;30;1170;330;5;30;15;5;35;640;210;360;5;20;5;210;0;135;130;45;40;25;685;535;5;545;15;45;60;115;5;15;5;35;0;15;5;0;630;5;215;5;5;205;290;115;335;30;25;40;1065;110;145;55;150;90;45;60;70;200;70;320;25;310;560;140;615
citoyenneté_canadiens;42560;43875;64230;54290;62415;74535;55045;60935;58910;54595;73815;62740;76430;39640;74235;64555;77725;61895;67970;70390;68245;70305;63330;66740;73905;55340;72560;75350;58585;71000;60410;62945;51075;46645;73300;34890;80170;52795;64815;65475;50640;76580;53700;62115;12430;54785;53310;66855;56775;77975;67225;53825;78995;68310;61535;60615;52405;53570;66910;58645;58360;69135;68910;54430;58095;68745;55705;67060;58035;56475;55275;62855;54735;57350;48870;55375;57230;81825;64965;72090;72970;71415;49200;58840;54330;80425;50380;74190;53515;60180;38995;65510;52890;79365;54670;60415;68820;52975;66140;57310;55440;49845;71015;72800;71940;71890;76450;76210;75705;55550;64230;75730;65685;55970;77385;63400;45100;67705;70315;78905;77865;59195;56075;56480;55380
citoyenneté_non_canadiens;670;290;15765;8260;670;1485;805;1430;695;890;780;910;2120;240;1160;14310;1080;7110;1520;975;3375;2735;840;2900;1420;1520;9290;1220;550;20630;1460;1270;205;445;4340;350;1135;7740;1770;1715;7375;10510;665;815;30;5060;4555;10455;8780;1690;1100;555;1240;10870;2940;405;325;3430;6295;920;15770;7950;875;1135;2235;1135;1855;13155;7550;7090;585;1190;450;8305;485;13750;2560;1540;1835;1650;21180;6950;370;13195;790;1185;2365;2910;645;800;315;1345;540;1235;1010;710;7975;540;8805;465;940;15010;3370;3190;10545;3350;1400;1675;16830;1665;5005;1720;6420;5360;2025;3660;380;3590;3710;4035;1200;9600;13965;2325;28780
statut_immigration_1re_génération;1295;650;45935;25530;2980;2945;1585;2230;2240;1695;2245;3825;10415;590;4150;37925;4215;19005;6370;2435;10335;6760;2140;13185;3950;2500;39050;3300;1170;51385;7100;2815;705;1090;25020;855;5830;16235;4375;7890;15000;24380;2320;2695;115;17810;8215;39535;15690;3680;2865;1070;4050;36085;10835;1810;710;20870;19790;4955;33475;28040;1870;4810;4090;2120;5040;34470;17170;19125;1410;6415;865;22475;1375;25260;16510;6430;7575;4410;47380;30065;1130;32355;3630;4160;9425;11910;1350;3155;690;8630;1645;3550;1880;1365;34445;905;22435;1840;1795;27295;20475;6810;27120;6325;4365;5175;51095;6925;11030;7165;17460;9980;10325;6195;855;16285;7775;18140;4780;21920;37175;14940;49165
statut_immigration_2e_génération;1240;545;18630;12825;3110;1875;900;1325;2320;910;2225;3380;9165;585;3985;20610;4585;10330;5665;1620;6145;3500;1375;9960;2965;1115;21270;2505;835;24520;6455;2095;755;830;19795;580;5920;9155;3035;8590;7220;11670;2950;2615;115;14135;3440;23620;5455;2405;2320;720;3260;17455;7480;1775;560;19215;11270;4740;14235;15750;1325;4555;2205;1495;2965;18100;7645;12685;1110;6155;725;11685;1390;13040;14760;6035;6490;3100;22350;21400;1095;17340;2980;3515;6615;9445;1220;2805;435;7700;1720;2925;1155;1015;22450;560;11095;2175;1435;9725;15955;4040;16030;3030;4225;4160;25445;5330;4925;8630;8675;4250;9385;2915;565;10195;3425;15405;4650;10230;17275;14230;14280
statut_immigration_3e_génération_ou_plus;40695;42975;15430;24195;56995;71200;53375;58810;55045;52880;70130;56435;58965;38705;67260;20330;69995;39675;57455;67305;55145;62785;60660;46495;68405;53245;21530;70765;57135;15720;48310;59305;49825;45165;32830;33810;69560;35150;59180;50710;35800;51040;49095;57615;12225;27900;46205;14160;44405;73585;63130;52590;72925;25640;46155;57430;51460;16925;42140;49870;26425;33295;66595;46210;54035;66270;49565;27645;40770;31760;53330;51470;53590;31490;46600;30825;28525;70900;52735;66230;24415;26900;47350;22340;48505;73935;36705;55750;51590;55025;38180;50525;50070;74120;52650;58750;19905;52045;41415;53765;53145;27830;37955;65145;39330;65885;69260;68550;15995;44970;53285;61655;45965;47105;59705;57950;44060;44820;62825;49400;69635;36645;15595;29635;20720
religion_Bouddhiste;40;15;1350;990;55;60;50;15;50;20;85;115;350;15;185;900;115;850;120;55;185;145;75;260;110;45;940;90;20;1125;285;35;25;10;1290;20;115;815;75;335;640;595;55;80;0;345;230;1725;245;60;125;30;95;2210;385;65;40;1110;505;85;1085;1150;90;165;140;60;75;660;515;460;30;100;0;835;45;590;685;240;165;140;1335;535;20;720;65;75;285;300;25;70;20;210;65;65;55;15;720;20;710;70;10;675;1210;90;1065;120;140;180;3205;95;220;235;405;355;215;80;25;520;240;265;50;655;3935;670;1020
religion_Chrétienne;30540;33885;41710;36980;42460;59580;45355;52535;42710;44640;54050;42270;52650;33005;50885;48460;51395;38960;43685;53990;48845;50415;50470;47000;50775;43940;53210;54820;49210;34525;41030;47615;40370;36995;51030;29485;52425;22790;45950;43235;23635;48930;39065;43675;10955;34865;34390;42820;38240;57435;47605;42700;55635;38655;42245;44780;42720;43305;43640;40485;26680;45385;52220;37050;43560;54230;41945;45700;37120;38405;42800;43860;46280;34905;37930;22840;41160;52535;45890;52305;40550;48920;38035;33910;38495;56795;35350;49725;40945;38640;31575;47215;39920;56220;41715;51295;39565;45560;37095;37940;38950;23380;48425;50530;36955;54290;53615;51470;42170;39465;40405;52125;44150;32665;55240;45825;32830;45260;51620;53850;53105;34175;33895;41520;27410
religion_Chrétienne_nda;1715;1680;6875;3940;2165;4355;3725;3785;2635;3595;3305;2075;4950;1365;3385;7815;2685;4100;3915;2825;5435;4330;4015;4880;4375;3105;7810;5225;4320;4710;3470;3580;2965;1910;6225;1225;3855;1910;2890;3485;2540;7045;2570;3040;415;2555;3100;4465;3505;4445;3615;2855;4885;4640;3615;2115;3140;4360;4300;3910;2890;5520;2185;3445;3360;4265;3160;6305;4110;4725;2570;3580;2305;3780;2090;1930;4025;4270;3410;4880;4605;5465;2310;4480;2320;4725;3665;4720;3035;2245;2190;4330;2140;3715;2875;3120;5150;3350;3245;2520;2420;2695;5960;3700;4625;4165;3210;3495;6740;3255;3125;3510;4695;2270;4895;3135;1845;4550;4575;5220;4080;3385;5500;4065;4175
religion_Anabaptiste;0;0;0;0;20;0;0;0;0;0;0;25;0;0;0;10;0;0;0;0;0;0;0;0;0;0;60;0;0;0;10;0;0;0;0;0;20;10;0;0;30;10;0;0;0;25;0;0;0;0;0;0;0;0;0;0;0;0;0;0;0;0;15;0;0;0;0;0;0;0;0;0;0;0;0;10;0;50;0;0;15;0;0;20;0;0;0;20;0;0;0;0;0;0;0;0;45;0;10;0;0;10;20;0;15;0;0;30;0;0;0;0;0;0;0;0;10;0;0;30;0;30;0;0;15
religion_anglicane;85;75;165;45;820;30;15;20;155;25;65;375;110;755;135;105;1800;95;170;55;225;45;35;1145;50;20;215;50;35;610;215;145;25;1610;255;495;985;115;70;215;90;465;605;190;395;2265;30;80;95;50;10;10;70;445;245;145;10;90;905;20;135;105;50;45;15;80;40;1315;120;1200;25;45;35;80;360;325;50;140;195;25;425;1345;25;1525;955;265;55;1745;50;225;40;45;40;370;25;20;1170;30;85;15;70;225;70;730;655;65;155;55;425;135;135;1185;40;150;90;30;16500;315;60;1170;50;720;75;30;1405
religion_baptiste;120;105;370;500;200;155;75;355;105;45;150;65;295;180;220;2125;200;290;175;275;505;170;75;360;125;130;390;60;40;585;240;185;100;140;245;85;280;105;245;305;75;490;120;205;15;365;140;895;175;295;115;80;180;315;115;90;70;1195;335;340;135;610;200;335;100;55;110;420;355;290;110;355;75;470;155;45;515;195;105;115;355;575;120;440;185;505;495;265;110;115;45;455;90;290;55;90;590;50;300;170;80;95;370;400;250;360;315;115;500;185;245;230;330;65;795;170;190;425;135;335;125;195;995;585;240
religion_catholique;27910;31615;22565;28085;36825;54040;41080;47485;38680;40345;49745;38280;44510;29605;45580;30385;43410;31580;37710;49800;39665;44605;45870;34815;45185;40255;26305;48600;44355;21270;34555;42845;36835;32590;31770;27215;44340;19425;41045;36405;19510;36070;32805;38955;9935;22230;29865;33045;32855;51455;42890;39355;49225;27145;35400;41390;39115;32970;32865;34795;17590;33075;48630;31790;39335;49170;37705;30295;29695;26205;39500;38095;43350;27800;34160;18470;32820;45645;40595;46480;27540;30315;34985;20070;33035;49445;29165;36535;37435;34910;29025;39900;37165;50295;38220;47740;22525;41805;30790;34420;35685;18710;35395;43350;26935;48210;48625;45960;22580;33490;34570;43495;35720;29010;46280;41345;10965;35460;45580;39860;47565;26440;22440;33295;16755
religion_orthodoxe_chrétienne;10;0;9135;1645;300;85;0;25;135;0;75;310;1505;10;345;490;170;665;635;100;735;305;10;1835;115;20;16155;100;10;3020;1250;75;30;20;10310;20;555;500;110;1425;425;1500;235;135;0;2415;165;1165;385;85;70;65;210;3645;1905;65;0;565;1960;140;4370;3345;85;90;75;40;245;2840;675;2225;45;415;0;785;45;1190;1160;1030;685;120;5515;6970;15;3280;60;105;325;1120;20;280;30;515;110;115;35;0;5510;0;1055;165;70;725;5020;185;1415;150;265;280;8005;1300;705;865;1335;325;680;175;10;2000;250;3660;300;1485;520;1565;2400
religion_témoins_jehovah;180;85;190;275;335;435;130;200;320;280;240;200;130;135;215;730;360;350;180;270;360;210;170;465;95;90;235;130;230;245;180;245;60;85;245;90;325;115;220;195;155;325;180;210;10;140;160;480;70;235;225;65;130;215;110;410;185;635;315;270;180;290;235;135;190;230;75;385;335;215;275;215;200;135;175;70;270;265;70;140;150;320;295;185;175;230;280;370;110;255;85;230;100;305;120;130;310;100;205;265;145;45;215;305;320;220;330;450;520;195;370;185;245;100;190;175;35;470;155;250;130;105;395;285;90
religion_saints_derniers_jours;10;0;45;100;0;50;0;0;65;0;0;0;25;0;70;45;15;45;60;35;120;30;30;60;65;40;25;10;0;70;0;25;0;0;65;0;30;0;20;60;50;45;40;30;0;10;40;90;65;75;0;20;45;95;35;0;25;60;215;35;30;25;65;70;25;0;0;90;60;40;0;65;0;45;0;0;70;0;45;0;40;30;0;35;40;15;25;55;15;0;0;40;0;0;0;0;30;0;35;0;0;15;20;10;50;35;85;15;40;20;45;45;150;10;80;15;25;205;30;90;35;70;110;40;25
religion_luthérienne;0;0;40;20;45;0;15;0;0;0;0;35;25;0;30;10;50;0;10;0;35;0;0;65;0;0;80;0;0;90;45;0;0;0;55;0;190;35;30;15;25;150;40;0;0;285;0;0;0;30;0;0;10;75;10;30;0;0;80;0;25;35;0;0;0;0;20;85;10;85;15;0;0;55;20;40;35;25;15;0;130;155;0;230;70;120;10;345;0;15;0;40;10;0;0;0;255;0;35;0;0;50;55;35;125;0;20;10;55;0;30;145;25;15;10;25;0;35;0;125;0;110;30;0;245
religion_Méthodiste_et_wesleyenne;0;0;10;0;20;0;0;0;0;0;0;0;0;0;0;0;15;30;0;0;25;10;20;35;30;0;35;0;0;170;10;0;0;15;20;0;10;0;0;10;0;25;65;0;0;70;20;15;0;0;0;0;0;50;15;0;0;50;15;0;15;35;10;0;0;0;20;120;35;55;0;35;0;0;0;35;0;0;0;0;45;50;0;70;0;25;0;165;0;20;0;0;0;0;0;0;100;0;20;0;0;10;25;35;20;20;0;0;40;0;0;20;0;0;0;10;0;0;0;40;0;10;15;50;80
religion_pentecôtiste_et_autres_charismatique;290;95;610;545;20;125;130;290;150;100;15;120;280;40;135;1490;105;540;250;100;490;260;75;775;320;55;360;145;55;1145;185;200;30;75;410;40;175;50;475;155;190;805;90;75;0;220;245;570;225;140;180;85;250;430;145;70;30;1035;480;225;405;810;235;210;100;90;185;1565;505;900;50;170;90;565;120;60;600;155;80;150;365;595;45;600;100;210;425;595;65;45;0;380;60;50;150;30;810;75;235;45;130;155;330;190;550;485;155;220;1005;165;295;175;370;180;590;215;2815;365;210;490;295;160;1145;455;200
religion_presbytérienne;0;0;195;30;210;25;0;0;30;0;0;30;30;35;15;90;70;45;10;0;60;70;10;155;30;0;30;40;0;210;40;0;15;0;105;0;105;15;10;30;20;170;580;30;0;570;20;40;40;0;0;0;25;120;45;40;0;0;165;0;75;20;0;0;15;0;10;285;75;200;0;10;0;45;25;50;0;10;0;20;130;265;0;470;40;10;0;385;0;15;0;10;0;100;0;0;250;0;55;0;20;65;30;65;160;0;10;0;175;15;60;280;45;10;35;25;10;85;10;185;0;80;50;0;305
religion_réformée;0;0;0;0;0;0;0;55;0;0;0;0;15;0;0;0;0;0;0;0;15;0;0;30;10;0;0;35;0;20;25;0;0;0;0;0;0;35;0;0;0;15;0;0;0;70;0;0;0;0;0;0;30;0;0;0;0;0;0;0;0;25;0;0;0;20;60;0;0;0;0;0;0;0;0;0;0;10;0;0;20;30;0;55;0;25;30;0;0;0;0;15;0;0;0;0;40;0;10;0;0;0;10;0;0;40;0;0;0;0;0;15;0;25;0;0;0;0;25;10;20;25;0;0;10
religion_église_unie;10;0;85;85;435;15;10;0;45;0;10;125;40;450;115;90;925;45;80;30;130;10;15;490;55;10;85;25;20;175;120;35;15;225;65;85;740;50;70;70;30;185;795;85;0;1565;15;65;45;90;10;0;20;160;65;85;10;10;465;50;55;50;0;0;15;20;0;305;25;645;15;40;20;30;355;110;15;80;140;25;155;625;10;695;575;280;0;1640;15;75;10;20;15;305;0;20;575;10;85;10;25;120;15;420;240;25;50;10;160;95;170;615;50;50;25;10;30;85;30;565;20;305;60;35;430
religion_autres_traditions_chrétiennes;210;225;1400;1705;1050;260;165;310;380;230;420;625;700;420;610;5065;1580;1165;480;490;1025;365;135;1875;310;200;1425;370;140;2205;680;290;300;320;1245;230;805;420;720;885;480;1630;920;705;175;2075;585;1900;755;545;470;150;555;1320;535;340;130;2315;1535;680;770;1435;515;895;310;235;305;1690;1100;1585;195;830;210;1110;420;490;1575;660;535;305;1055;2170;200;1755;935;835;850;1770;90;425;95;1205;175;665;205;120;2210;135;920;295;265;470;885;1075;1590;485;385;790;1925;575;645;1365;1120;445;1560;460;385;1230;555;1830;485;1055;2560;1100;1020
religion_hindous;0;0;2595;90;10;0;15;0;15;0;10;25;85;0;10;260;50;145;90;0;65;0;0;215;0;10;1240;0;0;3340;50;0;0;0;1325;0;75;260;0;80;195;260;0;0;0;950;140;675;75;0;0;0;0;1305;230;15;0;105;345;0;3815;775;45;35;20;0;20;1885;280;655;10;90;0;525;0;180;100;130;50;20;2170;2535;0;1080;20;35;35;180;0;0;0;0;15;15;0;10;4085;0;220;0;0;725;515;60;870;0;45;25;3090;80;180;185;230;170;60;65;0;465;85;1720;15;840;1045;185;3240
religion_juive;0;0;285;70;140;0;10;0;25;0;0;340;85;0;20;60;130;110;25;10;15;15;0;220;35;10;1440;0;10;26870;150;10;0;0;475;10;215;305;20;2655;75;185;25;20;0;1185;20;65;120;0;15;0;15;340;75;70;0;65;190;10;325;180;0;55;0;10;0;280;90;575;15;10;0;100;0;3375;50;85;50;10;10655;1570;0;4605;85;10;15;215;0;225;0;15;0;10;35;0;7905;0;100;0;0;785;205;85;1525;10;20;40;5425;10;45;605;135;105;70;20;10;45;10;750;30;535;80;90;6965
religion_musulmane;450;100;20400;11700;130;525;100;340;395;180;220;70;3175;60;405;14470;160;6850;1975;415;2505;2045;215;3740;660;575;15080;585;155;8590;2325;695;20;240;8510;85;980;2160;1125;1950;3405;7805;210;360;0;2340;1925;22460;5955;765;665;140;885;11375;2445;55;30;4125;5895;1945;10205;10530;250;1180;1145;460;1470;7640;5260;3650;165;2330;60;8650;90;2250;6830;2020;990;1065;12705;6910;70;6145;115;740;2890;3145;260;220;60;3620;180;635;315;220;9160;40;7790;380;440;5165;9235;2495;7415;1445;1165;1475;19115;1860;3235;770;5825;1665;2890;1725;215;6035;2235;4140;1500;4000;12900;5440;10350
religion_sikhe;0;0;840;35;0;0;0;0;0;0;0;0;70;0;0;50;10;120;0;0;40;0;0;135;0;0;565;0;0;695;30;0;0;0;1200;0;0;25;0;25;0;130;0;0;0;370;0;80;0;0;0;0;0;260;55;0;0;0;40;0;4660;75;0;10;0;0;0;4290;25;680;0;0;0;170;0;45;0;40;0;0;625;735;0;280;0;0;0;15;0;0;0;0;0;0;0;0;1775;0;25;0;0;150;375;35;350;0;0;0;835;165;40;335;20;0;10;0;10;55;0;1665;0;140;130;0;685
religion_spiritualité_traditionnelle;240;55;0;0;0;0;0;0;0;0;515;40;0;215;0;0;15;0;0;0;65;10;20;0;120;10;0;0;0;10;20;10;0;105;0;10;280;10;0;0;0;85;0;10;0;0;0;15;0;0;20;0;20;0;0;0;15;0;0;0;10;0;200;0;0;0;0;30;0;15;0;0;0;0;0;0;0;0;0;15;0;0;20;0;0;0;0;50;0;10;40;0;0;0;10;0;0;95;0;0;215;0;10;0;15;0;0;0;15;0;0;0;0;10;0;0;870;0;0;0;0;15;0;0;10
religion_autres_traditions_religieuse_et_spirituelles;60;60;250;250;200;90;95;130;135;75;165;155;125;165;140;330;215;270;105;165;295;150;130;115;170;185;285;115;85;330;190;225;105;345;225;30;340;395;150;180;420;585;95;130;30;310;260;175;150;105;190;100;100;260;160;80;145;150;255;125;325;430;95;150;115;205;55;455;320;370;115;160;85;330;145;460;120;110;135;145;370;300;130;620;170;345;155;340;95;70;90;125;45;195;120;95;360;115;370;110;70;560;115;290;515;215;175;275;500;130;370;205;285;300;280;245;180;190;120;225;95;530;265;105;585
religion_aucune_religion;11885;10040;12570;12440;20080;15760;10230;9340;16275;10570;19535;20625;22015;6395;23740;14340;26715;21710;23485;16730;19605;20270;13255;17945;23450;12085;9085;20940;9660;16140;17795;15615;10760;9390;13585;5595;26885;33775;19255;18730;29635;28510;14905;18650;1460;19475;20890;9290;20770;21280;19685;11405;23485;24770;18870;15950;9775;8130;22340;16900;27025;18560;16875;16925;15350;14920;13985;19265;21970;18755;12725;17495;8740;20130;11150;39395;10850;28215;19515;20030;25725;16855;11300;24670;16165;23605;14000;23125;12835;21730;7520;15665;13205;23465;13430;9490;13225;7685;28640;19270;16685;33405;14300;22405;33780;19150;22690;24415;18175;15415;24745;22985;21060;26060;20660;19090;11330;18730;19705;20320;24265;27905;17780;10790;33900
famille_revenu_median;104000;98000;86000;91000;94000;87000;98000;89000;90000;95000;83000;86000;122000;84000;115000;76000;94000;89000;123000;86000;98000;99000;100000;103000;112000;95000;87000;119000;84000;90000;102000;89000;96000;111000;117000;83000;120000;102000;88000;107000;86000;103000;92000;97000;101000;133000;81000;84000;108000;88000;87000;94000;113000;103000;121000;82000;92000;102000;99000;105000;82000;91000;82000;100000;100000;88000;125000;85000;85000;97000;90000;112000;82000;94000;84000;105000;113000;109000;139000;106000;106000;118000;87000;98000;94000;98000;94000;115000;95000;103000;95000;110000;87000;97000;92000;86000;107000;88000;93000;90000;99000;94000;116000;87000;93000;92000;101000;88000;97000;111000;83000;112000;100000;95000;114000;86000;113000;107000;98000;111000;117000;100000;75500;116000;100000
famille_revenu_moyen;121000;110400;102400;107800;107700;98800;107300;102800;99800;103900;95500;103900;150200;95800;133400;84900;118000;100900;139600;97200;109900;111400;114000;114700;124900;111400;100900;133000;94300;133400;115400;104600;106900;127200;139600;95800;134600;121800;101700;127600;97800;119500;103000;108400;114600;174200;89800;98600;139000;97300;102500;108300;123400;126100;150000;98500;104300;114300;134200;114100;102200;104200;93400;110100;116800;97500;151400;98900;96800;121200;104800;125200;93200;115300;94700;130600;132000;120900;173000;115900;180400;144400;98400;141400;117700;107000;103100;128800;106900;122500;106300;124000;100500;110300;106000;99800;131200;98800;112700;97500;114000;122100;135200;98200;123700;105200;114100;99300;130800;120500;103800;129600;122700;115000;127800;101900;124600;118900;113500;124800;132400;131600;83900;130000;236000
Nombre moyen de personnes par famille;2,8;2,8;3,2;3;2,8;2,8;2,9;2,8;2,8;2,8;2,8;2,6;3,1;2,7;2,9;3,2;2,8;2,9;3;2,7;2,8;2,8;2,8;3,1;2,9;2,7;3,1;2,9;2,7;3,1;2,9;2,8;2,8;2,9;3,3;2,7;2,9;2,6;2,8;2,9;2,6;2,9;2,9;2,9;2,7;3;2,6;3,2;2,8;2,9;2,8;2,7;2,9;3,1;3;2,6;2,8;3,2;2,9;3;2,9;3;2,7;3,1;2,7;2,8;2,8;3;2,8;2,9;2,8;3;2,7;2,9;2,8;2,7;3,2;3;2,9;2,8;3,1;3,2;2,8;2,9;2,7;2,9;2,9;3;2,8;2,8;2,7;3;2,7;2,9;2,7;2,7;3,2;2,7;2,8;3;2,8;2,5;3,2;2,8;2,7;2,8;2,8;2,8;3,3;3;2,7;3;2,9;2,5;3,1;2,7;3,8;3;2,7;3,1;3;2,7;3,1;3,1;2,6
temps_de_travail_pas_travaillé;12230;13375;26200;20765;20215;22925;12915;17630;19535;15115;26355;23685;17975;15270;18645;26605;24605;20825;14510;25160;22785;21915;19935;19790;16420;19820;29990;16480;20015;29500;16990;19410;15765;13075;18750;13230;23060;12240;21630;18535;14420;22985;15810;15965;3905;18370;18855;26190;18975;21990;23790;18345;16990;23940;15315;23100;17175;17680;22615;15175;20915;23700;27705;13050;18335;20850;17470;26365;20250;18685;18080;14925;20460;20230;16175;13630;16175;17455;19125;18480;27025;22405;15090;20810;19500;24185;16500;21060;16010;17325;13765;20075;20135;22105;18225;20165;23065;18265;22015;15410;16330;17125;18665;23300;22825;21555;22720;25755;27320;13085;22315;18895;21195;19785;19375;24790;11705;18885;22030;20570;17430;18815;23005;15610;28930
temps_de_travail_a_travaillé_temps_plein;12435;12105;18185;15700;16535;21085;18090;18075;16495;17215;18365;14115;24815;8380;23910;17270;21595;19685;23610;18465;21215;22275;17790;20000;25880;15045;18170;27000;16460;21200;18320;18055;14475;13785;24105;7700;25570;20380;17930;19180;18330;27645;15905;18925;2725;17320;15960;17110;18400;23445;17690;15315;28010;21650;21470;13695;14190;15935;19760;17900;19005;20915;16325;16610;18570;19760;17755;20020;17425;18440;14895;20615;12925;18145;13240;22860;17615;26695;21005;24380;22160;22845;13980;19205;13835;24225;15350;24005;15830;16775;10660;19030;14100;23820;14580;16070;20670;13885;21240;15615;15875;20500;23010;20485;26160;22435;23225;19910;23715;19055;16780;24430;20760;17535;24725;16240;12980;22275;23460;26575;26565;21205;14610;18200;22155
temps_de_travail_a_travaillé_temps_partiel;10725;11040;20965;15195;16210;19130;13990;15710;14055;13495;18490;17730;21005;11000;18950;19115;19900;16980;17115;16975;16035;16945;16380;16415;18225;13865;21010;18300;14265;25390;15740;15830;12320;11585;19820;9925;18420;20235;16470;18180;18735;21490;13245;15770;4410;14610;15840;18695;19240;19890;15675;12380;18660;19915;15245;16645;12635;13750;18740;14720;23520;19900;15720;14485;14685;17305;13475;20895;17415;16185;13885;15765;13760;17010;11870;23760;15080;21270;15525;17760;28010;20115;12120;20515;14225;18650;12400;16295;12885;16720;9175;15745;11755;19455;14490;15740;19785;13015;20280;15105;14365;21690;18750;19245;22755;18490;18755;19810;23070;14070;20710;19525;17745;18370;19785;17010;8000;17600;17770;19955;19845;19020;19435;14950;26180
temps_de_travail_semaines_travaillées_moyennes;41,6;41,5;38,3;40,2;41,1;42,4;43,3;43,1;41,9;43,1;40,9;39,4;41,9;37;42,5;39,1;41,7;41,1;43,2;41,5;42,1;42,9;41,3;41,8;43,2;41,6;38,7;43,7;42,2;38,4;42,1;42,2;42,3;40,8;41,3;36,8;42,3;40,7;41,6;41,4;40,1;41,8;42,4;42,5;34,2;40,9;41;39;40,5;42,4;41,6;42,2;43,5;40,4;42,6;39,1;41,7;41,4;40,6;42,3;38,7;40,4;41,4;42,3;42,8;42,6;42,5;39,4;40,3;40,8;41,6;42,6;39,9;40,5;42,2;39,8;41,3;42,4;42,2;43,2;38,1;40,7;42,5;39,2;40,9;42,4;41,8;42,7;42,7;41,3;41,1;42,1;42,1;42,8;40,9;41,1;40,2;41;40,7;41,2;41,4;39,4;41,6;41,9;40,6;42,4;42,5;41;39,7;42,9;39,8;42,3;41,3;40,4;42,6;40,6;42,7;42,2;42,6;42,3;43;40,6;38;41,7;38
catégorie_travailleur_catégorie_sans_objet;330;360;1575;980;615;560;335;410;605;425;810;730;625;395;560;1495;495;1155;375;725;970;595;510;815;540;570;1310;485;460;1620;580;440;375;340;885;375;705;635;545;615;805;1205;435;430;140;635;600;1355;590;665;685;525;480;1180;505;590;435;735;905;500;1075;1090;735;570;605;485;410;1345;1015;880;400;530;470;1165;450;915;620;615;490;465;1595;1010;360;1360;490;790;640;880;405;620;360;660;665;590;520;470;985;425;1140;470;390;1095;885;605;1185;720;670;775;1605;505;900;525;895;665;665;940;495;780;715;805;570;980;1425;565;2145
catégorie_travailleur_poste_permanent;17720;17005;27605;22770;22255;29035;22895;24435;23050;22040;25450;19555;32260;10975;30295;27605;27610;27725;30635;25365;27825;29405;22575;27855;32500;20020;27960;34050;21170;31510;25585;24730;19325;17340;32055;9715;29585;26740;25275;26825;26145;34955;20270;25755;3495;21240;23045;26245;24305;32250;24675;20155;35990;28780;26875;18630;19105;22815;27510;24950;29340;30505;23135;23725;24855;26605;21165;29760;26160;25855;20355;27605;17435;25385;16940;28825;23865;36130;24740;31740;29710;30595;18440;25420;18050;31150;21625;28760;20595;22535;13480;25885;19125;31865;19860;21600;29100;17760;29495;22620;21695;27830;31120;28485;34645;30065;31910;29740;32875;25725;25025;31600;28450;23405;33690;23980;15805;30370;30920;35020;35055;28000;25155;24985;27815
catégorie_travailleur_poste_temporaire;2925;3090;6120;4440;3790;4890;3815;4190;3555;3790;4930;4260;5460;5170;5055;5290;5290;4955;4485;4820;5450;5005;5320;4420;5525;5325;4670;5570;4035;7415;3935;3810;4140;5115;4865;4475;6005;6420;3990;4815;5930;8720;3425;3745;2305;4285;5265;5470;7515;4800;4025;4705;5405;5460;4280;5010;4345;3600;5220;3990;7800;5375;4705;3540;4575;4590;4445;6015;4900;4340;3910;3970;4735;5185;3095;8430;4125;4980;4770;5370;9570;5415;3150;7040;3730;5790;3345;5880;3795;3805;3905;4265;3170;5190;5010;4705;5090;4930;6255;3200;4565;7505;4770;5450;7170;5160;4775;4780;6685;3690;7205;4795;5160;7000;5020;5250;3455;4740;5810;5190;5075;5790;5740;3900;10630
catégorie_travailleur_travailleurs_autonomes;1745;2215;4975;3040;5270;5255;4335;4010;2995;3755;5195;6085;6605;1855;6140;3695;7200;3275;4620;3715;3050;3355;4290;3765;4510;2640;5830;4085;3875;7510;3525;4295;2305;1565;6155;1600;6575;6450;3890;4785;4100;4540;4705;4480;770;5240;2680;4135;4160;5105;3720;2050;3635;6300;4200;4880;2430;2935;4760;3150;5235;4295;2970;3400;2795;4735;3655;4895;3275;4195;3455;4075;2485;3865;3830;7980;4210;5820;5075;3460;9395;5820;3675;6510;4825;4655;2080;4545;3140;5795;1455;3745;2745;5220;2550;3410;5445;2880;4730;4095;2740;5940;4890;4570;6285;4395;4355;4110;6900;2835;3745;6540;3980;3950;4975;3020;860;3620;3105;5435;4675;5450;3385;3630;8915
population_active_industrie_sans_objet;330;360;1575;980;615;560;335;410;605;425;810;730;625;395;560;1495;495;1155;375;725;970;595;510;815;540;570;1310;485;460;1620;580;440;375;340;885;375;705;635;545;615;805;1205;435;430;140;635;600;1355;590;665;685;525;480;1180;505;590;435;735;905;500;1075;1090;735;570;605;485;410;1345;1015;880;400;530;470;1165;450;915;620;615;490;465;1595;1010;360;1360;490;790;640;880;405;620;360;660;665;590;520;470;985;425;1140;470;390;1095;885;605;1185;720;670;775;1605;505;900;525;895;665;665;940;495;780;715;805;570;980;1425;565;2145
population_active_industrie_11_agriculture_foresterie_pêche_chasse;395;1155;95;80;635;2120;2115;1650;540;2030;1700;340;145;1285;800;190;2050;100;260;1080;105;100;1125;310;160;245;50;400;2245;80;290;1455;845;720;300;1105;850;200;490;165;135;155;2860;2005;910;140;155;105;230;2515;720;215;185;120;155;1180;1290;60;95;300;310;75;760;310;175;2265;250;95;70;100;1030;150;1560;100;1435;205;125;935;195;145;165;105;2375;85;650;675;40;530;995;280;505;155;760;1220;875;2310;70;2535;90;1035;820;135;135;1485;140;1900;360;260;75;430;460;960;120;260;185;260;450;95;130;215;450;135;125;100;85
population_active_industrie_21_mines_extraction;3525;2420;20;30;270;125;40;70;80;90;175;130;80;160;120;25;90;45;75;135;65;25;190;40;120;330;20;120;290;40;65;120;400;2290;50;130;225;20;55;90;45;90;160;105;130;45;45;25;70;155;60;235;150;75;60;275;315;20;60;105;50;70;140;100;85;195;65;75;65;30;115;125;295;35;90;75;15;145;95;90;105;65;60;45;35;135;25;155;155;120;265;90;245;205;125;550;35;270;55;100;2650;90;25;90;90;100;90;110;55;95;90;180;50;65;125;60;970;60;60;90;110;50;20;45;130
population_active_industrie_22_services_publics;195;230;220;200;230;180;90;50;440;85;160;150;465;115;495;65;220;320;545;435;180;215;275;225;265;320;145;205;55;140;290;235;300;260;335;145;355;280;145;320;265;165;115;175;100;120;80;160;80;140;185;315;210;260;465;125;335;105;355;270;220;265;480;175;110;130;110;160;330;155;295;330;115;340;75;250;180;385;610;330;195;160;240;120;115;250;225;155;135;215;925;295;235;155;275;165;155;155;325;155;680;220;345;105;265;260;270;295;275;315;120;385;440;80;340;330;365;375;290;285;750;325;120;250;190
population_active_industrie_23_construction;1090;1475;1155;1325;3665;2830;3215;3255;2830;2720;4195;3310;3715;1470;3895;1960;3030;1645;3280;2710;3050;2165;3060;2900;3440;1735;2060;3235;1855;1145;2885;2765;2550;1545;2410;870;4680;1195;2225;3165;1390;2435;3065;3630;435;1180;1270;1715;970;3395;2920;2035;3015;1455;2355;2750;2235;1890;1965;3735;1255;2285;2145;4085;1895;3595;1155;1880;1995;1505;2420;3900;1725;1250;2195;1000;2335;5630;1785;3250;1070;1755;1960;1225;2285;5005;1860;3425;2265;4000;1385;2995;2095;3265;1470;2025;1295;1810;1495;4815;2460;850;2570;2655;1755;3180;3600;3575;1270;2700;1465;3830;1930;795;4225;1625;920;2405;2060;2450;3835;1230;1255;2180;905
population_active_industrie_31-33_fabrication;1555;1965;4105;2530;4020;7870;6610;7950;3805;5745;4515;2055;4975;1530;4365;4890;6795;2865;4060;4155;940;2250;2320;3715;2560;2275;3855;4025;6580;4305;3800;6695;3125;2080;4380;1675;1650;2030;7100;4075;1905;995;3145;5360;525;3020;1840;3585;1825;8885;3695;3195;2965;3170;3350;1550;3465;3060;2850;3005;3605;3645;4225;3745;3435;7025;2045;3535;2875;3575;4305;3345;2940;2630;4895;2155;3020;5360;3115;2420;3330;4490;4150;2505;3960;2275;2715;1210;3955;3135;1905;2655;4490;7600;1265;4330;4505;2875;2545;3575;2315;1880;3995;5690;3045;6745;5065;4630;5515;3410;4310;4735;3490;1500;4165;3325;1105;3370;2690;5030;5270;2195;3915;3045;2110
population_active_industrie_41_commerce_de_gros;615;725;1730;985;1050;1585;855;640;845;945;1110;795;1960;215;1650;1535;1450;1165;1285;795;510;1065;555;1440;1425;680;1945;1545;565;2235;1510;1320;575;375;2575;90;515;830;1240;1695;895;520;1140;1145;135;2320;670;1565;685;1775;960;670;1450;1400;1395;505;560;1335;1270;1120;1315;1640;465;1130;1000;935;920;1515;1150;2035;745;1340;415;1140;420;980;1330;1830;1420;1165;1870;3400;820;1305;745;665;985;485;830;1215;255;1125;820;985;545;595;2930;515;1080;1000;760;910;2030;795;1590;1815;1230;1315;2555;1470;595;2820;1530;555;1755;685;135;1175;1345;3375;1955;1185;1210;1635;1750
population_active_industrie_44-45_commerce_détail;2525;2560;4960;3440;3720;4975;3415;3885;3875;3115;4465;4045;6005;2355;5085;4440;4420;4145;4765;4305;4620;4575;3740;4410;5155;3705;5750;4945;3315;5670;4445;3890;3130;2710;5820;1935;3975;3320;4540;4875;3425;4460;3185;3790;780;3090;3535;4345;3695;4825;4615;3580;5130;5050;4290;3955;3710;3760;4355;3905;4420;5225;4220;4100;3980;4060;3020;4620;4520;3465;3225;4730;3190;3690;2640;3450;4145;6195;3925;4800;4785;5220;2480;3805;3040;4935;3280;3435;3185;4310;2265;4835;3045;4900;3645;3520;4840;3575;4170;3925;3490;3680;5770;4405;4510;4400;5130;5620;5145;4200;4420;4965;4490;2885;5830;4410;1920;5030;5090;5655;5890;3645;4215;3960;4025
population_active_industrie_48-49_transport_entreposage;1190;995;2890;1665;1830;1270;1120;1300;1900;1325;1765;1120;1935;685;1595;2305;1460;1865;1790;1480;1245;1590;1320;2825;1655;905;2940;1435;1445;2340;1970;1695;1095;1365;3080;550;1420;995;1125;1985;1300;1555;1930;1740;345;1895;1065;2445;1040;2310;1330;855;1705;2080;1860;1185;970;1705;1925;1725;2230;2160;1270;1815;1170;1465;875;3615;1885;3250;1270;1585;1515;1530;1075;950;1695;2685;1205;1720;2125;2935;1465;1795;665;1540;1630;1265;1195;1820;830;1760;1180;1505;995;1530;3055;1285;1655;1650;1115;1130;2440;1330;2280;1535;2040;2070;3155;2250;920;3090;1920;765;2050;1220;695;2170;1595;4155;1940;1805;1950;1875;1675
population_active_industrie_51_information_et_culture;330;105;1090;780;440;255;295;160;245;140;375;525;815;150;950;515;475;1220;1160;370;465;510;355;755;570;465;680;495;110;1155;700;235;360;290;985;125;505;3435;235;675;2455;800;280;375;45;850;705;720;660;285;415;305;375;1230;935;265;140;525;1335;455;2350;1080;220;335;290;215;345;1075;1320;975;345;545;310;1270;160;4410;640;690;1215;550;1745;985;240;1520;420;400;570;480;200;410;135;610;195;465;1245;220;915;100;2240;235;245;3095;865;430;2550;390;740;435;1155;660;720;630;1325;980;780;790;180;1220;555;885;995;2045;865;680;2615
population_active_industrie_52_finance_assurances;370;395;1885;1610;615;795;935;615;700;1660;825;625;1895;310;1945;1120;955;2015;2250;755;855;1640;1055;1440;1985;610;2025;3375;620;1950;1235;715;395;325;2385;330;735;1575;1155;1380;2080;1220;620;845;125;1415;1015;1895;2010;920;765;630;2185;3360;2325;540;510;1870;2360;1040;1740;1895;450;795;3005;975;2115;2235;1470;1360;715;1560;445;1595;455;1980;1520;1600;2235;1870;3030;1990;550;1805;680;840;1175;955;960;795;315;1575;605;1015;625;585;1630;570;2100;580;510;2355;2040;810;3290;1340;1590;740;2360;1415;945;1175;1850;1375;1620;960;150;2575;2125;1745;1680;2515;1125;1770;3730
population_active_industrie_53_services_immobiliers;210;180;725;580;355;300;275;255;280;215;355;555;835;125;565;460;470;565;645;335;465;575;385;525;670;375;725;620;175;1310;400;330;210;320;680;125;540;565;335;635;580;615;240;430;40;690;370;675;565;365;370;260;675;980;615;540;145;490;690;430;545;530;285;325;430;320;585;735;455;735;260;460;230;590;165;740;585;575;745;500;1275;800;160;770;395;495;410;500;285;585;190;575;180;440;230;210;885;260;705;375;295;800;720;345;980;355;580;490;1025;490;520;515;610;565;720;410;345;585;600;765;490;865;425;515;1505
population_active_industrie_54_professionnels_scientifiques_techniques;1155;700;3865;2510;1900;1890;1475;1385;1175;1330;1520;2110;3940;645;3340;1540;2730;3125;3585;1535;1520;2895;1750;2280;3195;1980;3140;3475;1075;5525;2540;1470;1210;550;3885;535;2395;6615;1460;2975;4960;3030;1280;1740;200;4410;2550;2445;4450;1850;1495;1555;3070;5550;3600;1385;1080;1735;4270;1570;5380;3750;1285;1355;2340;1420;3220;3500;3005;3035;1110;2240;715;3595;900;8860;2500;3130;4350;2810;7425;4835;930;5780;2000;1645;1545;2310;1445;2170;610;2230;915;2500;1380;1080;4285;765;4490;1095;1160;7650;3660;2045;8410;2010;2540;2170;5470;2025;3380;3365;3665;4415;2750;1795;360;3630;3700;4170;2980;6730;2435;2495;10240
population_active_industrie_55_gestion_sociétés_et_entreprises;10;0;55;60;35;20;25;0;25;10;15;35;55;0;65;20;20;40;65;15;20;25;20;20;35;65;70;60;20;70;35;25;10;10;125;0;15;40;15;50;55;15;25;35;0;105;25;65;55;25;15;0;70;120;55;15;10;55;100;55;50;60;15;40;95;25;70;70;50;80;25;60;10;55;0;75;80;55;115;30;135;75;20;100;15;40;40;30;0;40;0;20;30;10;10;10;100;10;65;0;20;95;100;15;125;55;55;20;120;35;25;65;85;25;50;10;10;50;30;70;70;155;40;75;175
population_active_industrie_56_Services administratifs_soutien_gestion_des_déchets_assainissement;885;670;1920;1910;1315;1180;805;705;1145;810;1245;1550;1565;440;1140;3060;1490;2010;1290;1030;1850;1530;910;1575;1600;1200;2110;1350;610;2315;1300;950;920;835;1760;415;1330;1175;1385;1360;1515;2450;1090;1105;125;990;1845;2445;1440;1335;1045;1275;1730;1475;1115;1245;840;1565;1810;1395;1905;2125;1080;1205;1185;1055;615;2090;1830;1695;925;1305;745;1800;700;1280;1520;1810;905;1540;2045;1695;780;1850;1150;1955;1340;1545;755;1280;595;1175;930;1360;890;760;1745;600;1740;1260;990;1700;1315;1315;1920;1260;1570;1705;2155;1050;1290;1620;1800;1260;1685;1175;590;1585;1880;1800;1340;1420;2600;1380;1670
population_active_industrie_61_enseignement;1555;1575;3015;2350;1880;2600;1800;2075;1945;1570;2355;2170;3490;1365;3245;2000;2565;2765;3035;2365;2690;2530;2180;2600;3105;2550;2350;3365;1785;4075;2485;1975;1675;1905;2815;1260;3250;4465;2060;3020;3040;4265;1635;2070;440;3380;2185;2510;3795;2470;2765;2155;3095;2635;3085;1915;1890;2195;2775;2795;4425;3090;1945;1745;2420;1950;2800;2980;2455;3015;1920;2720;2020;3755;1640;5585;2665;2915;3195;2830;5710;3120;1625;4950;2055;3175;2160;3490;1855;2140;1460;2790;1450;3620;2790;2165;2920;1835;4065;1600;2425;4145;3065;3545;3985;3055;3050;2930;3050;2400;4475;3065;2755;3775;3455;2925;2295;2715;2615;3420;3415;3770;2645;2655;5215
population_active_industrie_62_santé_assistance_sociale;3095;3595;5265;5500;3905;5430;3605;4335;5120;3875;4820;4435;5980;3520;5170;7180;4770;5895;5155;5975;4875;6495;5220;5670;5930;4865;4430;5995;4175;6770;4370;4240;3740;3555;4870;3050;5325;4770;4390;4450;4830;6190;3355;4300;1125;3060;5725;5655;5665;4995;5940;4400;5865;4510;4155;4220;4115;4990;5185;5090;4820;5860;5410;4310;5295;4825;3900;6060;4995;4150;3990;5255;4140;5605;3590;4575;5090;5890;4095;6650;6700;4665;3620;5110;3470;5550;4650;4390;3615;4415;3295;5650;4065;6820;5570;4975;4845;3810;6565;3975;4005;4390;5345;7575;5350;5600;6040;6355;6470;4050;6030;4915;5620;4815;6935;6035;4315;5345;5990;5030;5805;4745;5460;5080;4495
population_active_industrie_71_arts_spectacles_loisirs;175;175;410;360;775;375;195;220;310;245;475;995;710;265;750;280;1135;595;600;490;560;435;895;470;780;395;330;520;245;655;395;405;335;280;540;430;945;1975;680;540;1470;1030;405;370;80;755;735;365;675;415;375;310;555;545;470;1150;295;305;645;390;1540;490;425;395;370;320;435;605;665;650;375;330;305;720;265;2505;355;620;765;565;1045;515;210;935;805;615;340;740;415;575;300;455;255;505;470;315;475;325;1025;320;295;1720;570;540;1220;465;545;530;440;380;655;745;650;1140;655;505;350;520;465;700;785;875;495;330;1080
population_active_industrie_72_hébergement_restauration;1350;1115;2415;1500;1670;2195;1330;1490;1440;945;1830;1940;1835;1050;1750;2080;2180;1815;1795;1915;2075;2465;2290;1745;2420;1785;2885;2175;1425;2940;1510;1745;1210;1330;2615;1045;1790;2170;1970;1860;2015;2840;1070;1395;365;1360;2360;2300;2180;2245;1610;1495;2060;3300;1590;2525;1400;1330;2240;1430;2845;2115;2075;1675;1540;1630;1265;2730;1800;1785;1705;1455;1255;1375;1020;2505;1285;1780;1240;2175;2520;2120;1205;2460;1595;2245;1205;1815;1305;1530;1195;1590;1300;1900;1465;1630;2335;1445;1820;1550;1465;2720;1945;2055;2765;1825;2120;2240;2870;1375;2450;1970;1705;2845;1990;2430;845;1910;1990;2210;2130;2040;2465;1430;3015
population_active_industrie_81_autres_sauf_publics;1120;1025;1500;1190;1465;2050;1435;1680;1530;1455;2060;1540;1540;950;2050;1670;1960;1515;1480;1925;1450;1470;1670;1425;1710;1535;1840;1505;1425;2790;1265;1595;1590;920;1590;795;1745;2100;1430;1305;2000;1700;1510;1730;375;995;1465;1440;1160;2165;1785;1315;1955;1300;1200;1445;1320;1195;1410;1445;1765;1750;1555;1535;1190;1800;915;1545;1520;1465;1300;1650;1130;1420;1160;1850;1430;2080;1045;1675;1825;1525;1355;1445;1310;1860;1335;1560;1530;1425;890;1405;1280;2075;1395;1495;1575;1560;1800;1585;1225;1925;1485;1795;1855;1975;1670;1520;1615;1525;1495;1895;1290;1585;1715;1490;685;1505;1530;1590;1990;1550;1680;1265;1440
population_active_industrie_91_administration_publique;1055;1255;1370;1640;1550;1145;1415;895;1380;1250;1605;1495;2410;1355;2520;1260;1845;2245;2625;2095;8770;5220;2860;1680;5765;1965;1100;4870;1060;930;1560;975;2095;2350;1875;1195;9935;1855;1125;1790;1810;13675;1290;1630;305;945;3345;1380;4710;1090;1365;2120;8575;1925;2270;1735;1245;1145;1790;1820;1615;2045;2360;1490;2215;1730;4560;1545;1880;1345;1650;2555;1600;1945;995;1830;1690;2595;2325;5445;1565;1385;1020;1360;1225;7305;1525;10720;2445;1685;1520;1910;965;1735;2150;1240;1025;1275;2445;1085;2080;1775;2355;1485;1985;1335;2760;1610;1690;1990;1620;2025;2275;4655;2665;1805;3430;2425;5110;2000;2925;1955;1235;1735;1305
langue_travail_anglais;410;205;6260;1625;1840;240;160;300;610;165;395;985;1595;1130;720;1935;2955;1605;1240;215;4650;315;290;4315;345;210;5425;390;190;20335;1415;230;240;1850;4760;555;7970;3105;485;1795;2400;11685;2290;420;435;10830;340;3190;680;325;210;165;600;6190;2170;625;85;2595;3370;325;7770;2410;320;430;345;315;355;10945;1475;8180;200;750;145;2035;590;7190;1760;1400;1445;335;11930;12075;130;13610;1870;3555;575;14320;215;1065;40;580;180;895;190;175;12895;160;2095;240;1345;7285;2490;1815;10055;220;765;545;10605;1120;1160;5930;1530;750;920;310;2640;2120;355;8240;570;6965;2525;2015;20695
langue_travail_français;20130;22480;15090;19620;22770;38730;30570;32200;24470;29220;34675;25230;30870;15980;34000;25400;27865;24625;29270;33880;18120;35230;32040;18410;38825;27545;14175;39835;29785;7210;22730;31910;25805;20355;18535;15620;20115;21240;29965;24675;20375;16590;19960;29815;6420;3435;28020;18425;30605;40620;31820;26785;40100;14890;21725;26565;26980;14290;20175;28510;17980;23795;30160;26205;29675;35140;26035;11755;24105;10010;27215;28640;26395;20735;22450;18570;19950;35810;23525;38690;15260;7390;25045;6540;19690;26970;21790;9085;26600;25940;19340;28795;24770;36095;27520;30715;5750;27215;24835;28225;25450;16440;23220;31755;15185;37635;33615;33665;13450;22490;29100;21455;26435;28170;34665;30970;6800;25075;36100;14190;37030;13875;20170;18655;6990
langue_travail_non_officielle;0;0;460;170;0;150;25;80;25;15;195;30;45;10;45;280;15;120;20;35;90;40;85;125;10;10;425;0;45;335;40;95;0;580;175;0;30;80;30;240;140;185;95;180;0;145;70;235;115;125;75;10;30;875;135;10;15;155;285;15;740;180;240;15;20;105;20;460;95;135;40;15;10;190;20;330;60;45;20;10;655;235;60;270;45;15;40;70;25;10;190;30;15;50;15;40;240;20;195;0;20;185;180;35;265;155;60;35;600;105;65;110;110;50;60;50;2990;105;30;90;10;190;630;70;635
langue_travail_autochtone;10;0;0;0;0;0;0;0;0;0;110;0;0;10;0;0;0;0;0;0;0;0;0;0;10;0;0;0;0;0;0;0;0;580;0;0;0;0;0;0;0;0;0;0;0;0;0;0;0;0;25;0;0;0;0;0;0;0;0;0;0;0;215;0;0;0;0;0;0;0;0;0;0;0;0;0;0;0;0;0;0;0;0;0;0;0;0;0;0;0;185;0;0;0;0;0;0;0;0;0;10;0;0;0;0;0;0;0;0;0;0;0;0;0;0;10;2985;0;0;0;0;0;0;0;0
langue_travail_Non-autochtone;0;0;460;170;0;150;25;80;25;15;80;30;45;0;45;280;15;120;20;35;90;40;85;125;0;10;425;0;45;335;40;95;0;0;175;0;25;80;30;240;140;185;95;180;0;145;70;235;115;125;50;10;25;875;135;10;0;155;285;15;740;180;25;15;20;105;20;460;95;135;40;15;10;190;20;330;60;45;20;10;655;235;60;270;45;15;40;70;25;10;0;30;15;50;15;40;240;20;195;0;15;185;180;35;265;155;60;35;595;105;65;110;110;50;60;40;10;105;25;90;10;190;630;70;630
langue_travail_francais_et_anglais;3805;1850;17815;10180;9780;2910;2575;2680;7140;2680;3350;7330;15080;3370;9770;10590;12980;11590;11745;3040;16445;5150;3430;15245;6590;2880;19290;6645;2065;21290;10990;3315;2335;2685;21210;2365;17780;17035;5685;12330;15225;23135;8125;5775;680;18310;5125;14775;8090;4425;3145;2255;7570;19540;13740;5045;1250;12690;15885;5225;16975;15815;2550;5950;4475;3295;5750;19125;11065;17875;2670;8365;1600;13465;3110;21745;12125;12815;12745;4800;24035;24185;2120;20820;7865;14630;6635;18470;3000;8070;910;6980;2315;8195;2695;2410;22390;1075;15425;3980;4945;19555;17105;8095;24985;4695;9595;7725;23060;10370;9185;18490;12195;8470;10775;3850;1880;13690;6425;25525;10360;19885;11930;13275;21905
langue_travail_anglais_et_non_officielle;0;0;765;130;30;15;0;35;25;0;30;30;90;55;15;105;15;165;15;10;130;15;0;85;0;10;615;15;0;1010;35;0;0;110;430;0;115;90;10;225;180;310;50;25;0;370;0;175;45;10;0;0;0;1035;115;10;0;65;210;20;990;220;10;0;0;0;0;935;90;285;0;0;0;90;0;375;70;15;35;15;890;665;0;535;20;30;10;170;0;10;0;0;0;0;0;0;760;0;115;10;20;320;210;25;495;0;25;45;915;75;40;80;100;25;25;0;7275;120;15;400;15;460;260;35;1430
langue_travail_français_et_non_officielle;85;25;505;405;25;205;115;100;25;65;505;45;110;0;40;760;105;260;65;125;50;135;60;105;60;40;470;20;95;220;70;125;25;1245;225;0;50;170;110;100;150;105;180;175;10;25;180;650;230;120;120;15;100;340;65;30;85;325;270;80;295;375;700;75;65;135;85;185;175;85;75;60;15;360;30;170;220;85;60;50;220;90;115;160;25;30;130;75;60;10;525;110;35;120;35;90;95;80;365;90;65;200;180;100;160;305;90;95;365;130;185;40;200;170;150;100;70;175;200;60;110;140;820;195;110
langue_travail_français_et_anglais_et_non-officielle;75;10;1675;820;150;110;90;85;85;50;130;150;385;30;235;960;225;595;200;65;260;140;80;370;100;10;1905;90;40;1145;345;100;0;150;1405;20;185;825;130;310;650;485;230;145;0;705;230;1620;305;125;85;20;110;1445;505;110;25;1410;600;155;1290;930;50;145;90;115;145;1100;430;635;55;200;15;690;40;975;750;270;240;70;1450;1035;65;1005;130;125;225;455;60;145;50;230;70;125;40;40;1135;25;1000;105;45;1055;690;165;1020;210;145;130;1810;245;270;345;445;335;280;130;1080;500;155;705;150;990;1185;770;1655
langue_travail_non-officielles_multiples;0;0;40;0;0;0;0;0;0;0;0;0;0;0;0;0;0;0;0;0;0;0;0;0;0;0;25;0;0;15;0;0;0;10;0;0;0;0;0;0;10;0;0;0;0;0;0;0;0;0;0;0;0;100;0;0;0;10;30;0;55;10;0;0;0;0;0;30;0;0;0;0;0;0;0;15;0;0;0;0;20;0;0;25;0;0;10;0;0;0;0;0;0;0;0;0;15;0;10;0;0;0;0;0;10;0;0;0;60;0;0;10;10;0;0;0;0;0;0;0;0;30;10;0;45
mode_transport_automobile_camion_fourgonnette;17620;16660;17300;14160;23360;30405;23435;25635;23575;21990;27175;21210;29850;13330;28045;18895;28775;15455;25575;25660;20570;22985;22995;24640;28440;20675;23055;29195;21465;17285;22610;25125;20395;18035;26455;11530;25370;8565;25735;24150;9065;20340;20985;25565;5145;14525;14030;19685;15615;32815;24865;20815;31220;19835;21410;20740;20545;18050;18875;24490;10755;21530;23165;23545;20645;26995;16840;19245;17310;17070;21040;26265;18400;13435;18060;6890;20355;34835;18620;26860;14525;23470;18670;11190;18395;27735;16250;20295;20865;24135;14860;24090;19355;31985;18870;22350;21700;19990;13985;23620;21075;6695;25650;27675;12960;29720;29870;29070;20620;22610;22730;30755;20330;9925;31340;22625;12850;22910;23725;30030;31490;11455;13925;20520;8470
mode_transport_transport_en_commun;75;530;6750;6230;185;135;75;70;255;110;190;160;1345;120;960;8600;180;8000;1505;340;2390;2785;170;1795;1290;615;3030;820;75;9550;1225;275;145;310;2310;70;750;6650;255;1210;8355;4455;125;320;35;1515;3990;5745;3490;275;180;450;1245;3410;1495;190;60;3560;3525;720;10140;5675;270;815;1095;85;1120;7155;5195;4470;145;840;190;7270;120;6165;2630;700;1525;1880;8445;2410;75;7350;80;1435;3880;1825;75;185;105;1435;185;350;165;110;3190;55;7725;180;240;7090;2390;1050;8050;395;1065;885;7395;1140;2090;320;4075;4040;1720;865;140;3405;2585;1165;1125;7070;8920;2515;6175
mode_transport_à_pied;1230;1310;1775;1280;630;1985;1095;1095;1110;1265;1330;995;660;615;1240;1300;1610;1455;1020;1290;1160;975;1025;905;955;1060;880;775;1895;2990;865;1295;610;1705;600;605;750;3675;1355;1195;2450;1780;1040;1160;110;910;2675;1215;2500;1525;1480;825;955;840;665;1145;1120;510;1675;825;2890;1100;1560;705;1480;1595;785;1685;1290;1475;705;750;1285;1690;1215;4830;520;800;930;755;3775;685;1170;2540;1150;995;890;895;825;455;835;865;1030;1285;1625;1510;910;1290;2840;640;2245;4925;660;2020;3435;2040;1200;1360;1550;740;1975;680;1245;5360;875;1710;3445;740;1260;705;1180;2155;1470;600;5870
mode_transport_vélo;130;120;295;260;30;405;120;100;145;125;100;135;205;85;270;140;215;390;250;175;165;180;115;185;170;90;110;180;145;290;165;225;65;170;80;15;160;2665;260;240;1540;615;65;240;0;285;625;105;550;295;320;100;165;265;245;95;95;50;445;145;1855;250;115;90;170;175;180;235;470;365;95;105;90;730;90;2990;95;170;435;130;940;160;130;865;125;80;200;245;110;55;80;175;170;190;200;120;150;120;1695;95;150;1870;125;140;955;375;265;145;300;205;385;210;415;795;180;205;125;235;280;245;205;740;690;130;680
mode_transport_autre_moyen_transport;715;650;570;295;360;655;290;355;275;305;335;360;470;295;395;460;365;375;390;380;555;465;440;450;465;460;435;475;370;770;410;415;460;540;565;255;570;325;360;470;345;695;190;255;110;470;350;340;360;460;400;360;385;475;335;460;395;335;480;250;530;395;435;310;235;470;325;435;340;485;375;425;425;350;275;555;290;415;345;545;730;575;250;560;375;585;235;625;340;405;250;330;315;460;435;415;540;440;400;415;915;515;410;470;620;435;390;495;605;245;400;480;365;375;470;320;1770;405;370;545;420;530;375;350;760
durée_trajet_travail_moins_15_minutes;11705;8980;4605;4500;6355;19150;10775;13215;9885;8740;9060;7480;7320;7790;8250;4500;11520;4495;6100;11560;8435;8880;9545;7485;7480;12685;6365;8585;12655;5785;6675;11660;7460;13290;5645;7445;6905;3570;14525;7105;3065;8055;6490;9190;3780;5410;7460;5465;8315;16190;11795;10700;9885;5380;6525;9810;11010;4170;6050;5670;3740;5900;12595;5075;10265;12945;6115;6220;5220;5710;7815;5760;11050;3525;8135;4140;3835;7300;6580;8355;5310;5860;7915;3995;7615;7960;4340;5750;7915;4895;9365;6460;10095;12115;12405;13720;6250;12145;4115;4955;13170;3890;6630;13235;4550;14800;12775;10720;5380;6415;11230;7395;6595;6845;6475;13160;15075;5970;11010;7820;9240;3935;3170;4795;5550
durée_trajet_travail_entre_15_et_29_minutes;4585;4690;10335;6995;7290;9660;7800;8675;8015;7820;8335;6165;11880;3920;10130;9020;10765;8385;10230;10055;9455;12910;7950;8025;16040;8055;10755;14660;6860;12150;8775;10320;8960;4415;12380;3010;9660;7925;8090;10320;8035;11180;6990;8240;1175;6740;9720;8875;9850;11635;8470;8630;15975;9325;8660;7165;5810;6945;10005;8275;9050;10515;7360;7310;7965;8665;9785;9705;10005;9950;8815;9475;5880;7955;6050;8105;8550;13190;7915;13880;11070;10090;6390;7880;6430;10255;7045;7510;6260;8550;4795;7930;5490;14640;6195;6215;10495;5385;8925;5815;6655;8415;11435;12125;10035;10740;9015;10115;12095;8715;11350;11610;10090;9805;12210;8360;1795;10995;12880;11640;12630;7945;8480;8860;8345
durée_trajet_travail_entre_30_et_44_minutes;1805;2125;6880;6015;5105;2675;4095;3350;4145;4865;5945;4060;7530;1580;7580;7610;4975;6970;7805;3965;4400;3750;4600;7990;5740;1315;6575;6135;2505;8160;5950;3025;3555;1940;7290;1235;6295;7265;2870;5795;6720;5660;4815;6015;290;3355;2805;6875;2840;4495;3450;2205;5870;6245;5790;2760;2900;5480;5635;6720;8305;7670;3540;7045;3905;4715;2465;6905;5425;4475;3605;7575;2175;6900;3590;6210;6335;9795;4480;5725;7690;6730;3900;6295;4020;7120;4715;6210;5405;5825;1145;6570;2120;4910;1840;2690;5985;2135;8120;6740;2275;5670;6675;4005;7190;4380;6470;5900;7665;6625;3175;7660;5510;2545;9260;2760;500;6320;3000;8070;8245;6315;7570;5830;4865
durée_trajet_travail_entre_45_et_59_minutes;760;1075;2630;2605;2810;1030;1370;870;2060;1385;2470;2005;3060;545;2925;3630;1805;3410;2790;950;1450;1070;1565;2560;1285;455;2135;1260;990;2610;2090;1200;880;660;2470;245;2330;2140;1315;2120;2240;1590;2395;2520;90;1155;980;3200;865;1470;1460;540;1410;2285;1950;1120;1395;2660;1855;3015;2825;2910;985;3080;880;1545;470;2665;2205;1720;965;3095;645;3055;990;1840;2820;3720;1660;1340;2470;2440;1050;2305;1015;2825;2755;2155;1800;3120;215;2930;1785;1465;345;1070;1760;815;3340;3990;760;1775;2225;1155;2335;1745;2715;2805;2935;2025;1050;3375;2430;745;3635;655;265;2535;810;2820;2610;2140;3300;2360;1710
durée_trajet_travail_plus_de_60_minutes;915;2405;2235;2120;2995;1070;985;1140;1265;980;3315;3155;2750;600;2025;4635;2075;2430;1810;1310;1095;785;1075;1920;770;400;1685;810;945;2180;1795;1125;825;460;2230;540;2400;980;1175;1930;1690;1400;1720;1580;70;1050;705;2675;640;1580;2065;480;830;1595;1230;1770;1090;3240;1460;2750;2250;1960;1070;2950;605;1455;425;3270;1745;2000;1170;2480;650;2035;985;1135;2350;2920;1215;865;1865;2175;1045;2030;1040;2680;2595;2265;830;2850;620;3010;1565;1145;520;810;2000;1420;2145;3450;1770;1340;2265;835;1910;1300;1815;2410;2390;1165;785;2400;1815;565;3010;785;695;1870;520;2350;1690;1615;2870;2280;1490
scolarité_aucundiplôme;9985;10570;11535;9350;11220;15155;9365;13800;12190;9940;16640;10745;9100;9170;8840;18425;12970;10680;7950;11340;13460;8175;9625;10310;8265;7650;16170;7220;13275;8740;9285;12635;8485;11120;10625;9090;12920;5040;12915;9310;7550;10385;11370;11535;3240;4250;9695;14610;3640;16070;12945;7005;8075;8405;6830;13445;8920;10695;9935;9280;12420;11800;14415;10260;7050;13040;3675;12600;10800;8120;10295;8200;12495;7970;10820;4455;7855;11790;4960;8015;7055;7695;9250;5830;8775;15500;9665;10595;7835;8045;8820;8705;11080;12400;7260;12010;8630;10880;8775;12000;10535;5080;8830;13135;10475;14905;12835;15255;11285;9045;8815;10150;9580;5475;11040;9700;14375;9720;9070;9945;10045;6840;16135;7715;3560
scolarite_des;7480;7045;12970;10910;13020;13895;10105;11245;12400;9620;15140;13295;14055;7205;12855;14315;15825;12450;11455;14120;14795;13840;12195;15155;12920;9620;16455;11575;10545;15870;12345;11615;8475;7940;13685;6710;14065;7115;15045;12735;8715;14375;11015;12240;2085;9655;10985;13135;8660;15495;13615;9155;14115;12750;10850;11895;8830;11145;13045;11655;11450;13480;13975;10490;10920;12210;8045;17285;11655;12275;10430;12465;10360;9800;9145;8115;11045;14985;9680;13380;12090;14680;8630;10690;10125;16600;11055;14060;10475;11605;7165;13520;10505;13875;9795;10705;14770;8845;11105;10900;9610;9010;13170;13955;12665;14785;15855;15750;14445;11375;11605;15185;11690;8875;14990;12710;6115;13280;14170;16640;13605;9335;11415;10565;13280
scolarite_apprenti_métier;7745;9535;5265;6245;11145;13650;10485;11665;11255;11090;14250;10720;9170;7575;10165;10730;10780;8125;8665;13235;8000;9980;11585;9625;11555;9670;7560;10175;11285;4365;9320;11030;11510;7870;7340;5445;9890;3765;9675;8385;5185;5520;9845;10675;2015;2545;7675;8020;4215;14560;11580;11360;12630;5420;6625;11675;11115;7485;6610;10110;4345;8755;13245;10355;8415;14560;4545;7240;8110;5980;9650;10145;10905;5310;9775;2720;7395;13890;5065;11585;3090;5150;9475;3265;8220;13100;8120;5610;10855;10080;7430;9580;10160;14260;8310;12615;4735;12000;6670;12230;10050;3715;7570;12415;5380;12090;11925;13200;5155;7955;8000;10810;7840;4855;11950;8765;4765;8910;9450;8100;11630;4300;7265;6940;1985
scolarite_cegep_college;4855;4780;10170;8675;8720;10970;8155;8115;7910;8295;9275;8865;12505;5645;12475;8815;10935;9470;11160;11440;10825;13015;9485;9995;12870;9260;10625;14015;8705;12285;9425;9615;7695;6360;11500;5125;11825;8370;9280;10815;8915;11980;7025;8560;1915;9615;9180;10155;10830;10690;9235;9790;13370;11155;9310;7785;8315;8455;9985;8345;8605;10680;10075;7480;10645;10390;9680;11110;8595;8985;8065;9645;7445;9205;6030;8470;8870;11915;10255;13540;10450;12345;7310;9585;7540;11540;7160;11930;8220;9535;5805;10420;8110;11360;9625;8425;11780;7090;10425;6595;7765;8880;11825;10755;10340;10475;11915;11190;11760;8250;11200;12300;10450;9180;12035;11335;4250;10765;12500;13665;12810;9395;8115;9755;9295
scolarite_universite_inférieur_bac;880;945;2915;2745;1620;1775;1160;1240;1210;1230;1625;2060;2970;1040;2905;2345;2165;2600;2325;2115;1805;2445;1890;1805;2140;2140;3055;2545;1255;2935;2075;1460;1180;1015;2735;890;1750;2180;1705;2330;2280;2575;1125;1355;320;1895;1755;2550;2310;1725;1815;1485;2305;3215;2355;1840;1325;1700;2535;1725;2210;3140;1575;1370;2320;1470;2375;2570;2450;2060;1540;2155;1180;2835;1075;2260;1920;2440;3085;2160;3295;2560;1260;2075;1660;1900;1690;1530;1360;2200;820;2580;1485;1895;1935;1625;2445;1380;3095;1105;1655;2560;3140;1770;2555;2125;2140;2300;3100;1895;2175;1875;2705;2595;2745;2410;765;2725;2370;2445;2555;2300;1875;2110;2400
scolarite_bac;3325;2675;13185;8545;4960;5395;4170;4025;3630;4045;4405;6315;10700;2930;9360;5435;8670;8960;9170;6015;7465;8895;6190;6505;8465;6620;9920;11060;3970;18600;5920;4815;3780;3120;10940;2445;10190;13715;4935;8290;11070;15875;3325;4655;1090;13490;6645;8515;14010;4820;5650;5195;9100;14870;10295;4750;4050;5655;11080;4930;13120;10475;4645;3180;7755;4460;12160;10560;8010;9915;4780;6250;3410;11790;2970;16260;7775;7430;14030;8440;19865;14975;3775;15295;6460;6010;4480;10600;4270;6370;2690;7140;3305;7455;6860;4585;13565;3765;13415;2505;4895;14945;10520;6840;17205;5325;7155;5485;16555;5205;9955;8530;10590;12580;7675;8285;1710;8810;9935;11390;9185;14295;7475;7810;23715
scolarite_supérieur_bac;345;315;2600;1675;655;725;520;490;510;510;570;975;1530;395;1365;1205;1165;1535;1300;560;1035;1070;790;920;980;790;1775;1250;455;3265;905;550;430;290;1880;270;1290;2465;780;1050;1835;2085;405;525;140;1770;900;1945;2165;520;635;605;1020;2375;1495;560;425;850;2020;535;2180;1930;540;410;1195;555;1655;1740;1410;1660;450;875;400;2080;375;3150;1220;980;2125;965;3610;2010;455;2300;960;675;780;1300;485;820;235;970;455;890;675;575;2080;440;2340;275;565;2640;1625;770;2670;745;860;890;3030;765;1315;1125;1860;1870;1190;1020;180;1435;1365;1335;1200;2660;1290;1185;3575
scolarite_medecine_dentaire_opto_vétérinaire;115;185;720;390;205;345;170;110;105;140;135;270;570;165;420;200;505;130;215;195;110;210;260;135;230;460;465;365;205;1175;115;250;160;95;440;145;445;420;210;365;180;350;115;85;45;570;170;380;1290;190;310;130;205;720;255;260;165;115;535;120;490;285;275;60;395;200;725;220;220;335;240;185;185;420;165;685;420;185;605;145;2310;545;105;815;385;110;105;290;90;325;115;285;125;295;370;240;615;165;540;70;180;665;330;435;835;400;250;120;1185;115;695;340;400;845;240;435;40;170;425;295;180;625;180;255;2045
scolarité_maîtrise;535;400;5215;2725;1190;1130;755;605;785;830;1055;1940;2820;480;2800;1350;2595;3130;2760;1375;2285;3075;1835;1540;2650;2015;2710;3095;920;7225;1495;1185;770;555;3070;620;4015;8480;1320;2300;5165;7865;660;925;150;5300;3200;2300;7350;1165;1190;1175;2425;5600;3540;1090;770;1065;4660;965;7430;3445;860;500;2540;860;4795;3500;3270;3430;1225;1220;695;5175;785;11680;2095;1605;5130;2135;12315;4530;815;8215;2845;1440;1080;4645;1005;1655;450;1400;655;2480;1905;1025;4175;550;6095;405;1100;10005;2980;2235;8370;1380;1550;1155;6325;1445;4680;2160;3975;7510;1865;2740;415;2645;3505;2770;2375;7970;2835;2100;14450
scolarité_doctorat;125;65;760;395;215;100;110;125;80;115;125;355;380;50;315;165;490;395;250;195;255;430;235;205;425;510;435;490;135;1635;170;145;85;70;470;130;655;1295;165;315;600;1095;70;100;35;1210;450;385;2150;95;165;145;420;995;475;125;75;200;710;125;1185;530;140;40;360;165;1030;450;570;555;190;160;65;805;145;2465;275;205;720;255;3120;870;100;2455;575;180;125;800;130;190;80;240;100;470;570;170;720;50;1095;45;220;1795;440;725;1245;245;205;120;1255;165;1355;375;615;1915;160;645;65;305;485;520;265;1320;460;310;2970
